avg_monthly_searches,keyword,competition,seed
500000,treble and clef,낮음,
50000,basic piano sheet music,높음,
50000,basic piano sheet music for beginners,높음,
50000,beginner chords on piano,낮음,
50000,beginner easy piano songs,높음,
50000,beginner piano keyboard notes,높음,
50000,beginner piano sheet music,높음,Y
50000,beginner piano songs,높음,
50000,beginner piano songs sheet music,높음,
50000,chords on a piano chart,높음,
50000,clef alto,낮음,
50000,easiest sheet music piano,높음,
50000,easiest song for piano,높음,
50000,easy keyboard sheet music,높음,
50000,easy music notes for piano,높음,
50000,easy piano chords for beginners,낮음,
50000,easy piano keyboard songs,높음,
50000,easy piano music to play,높음,
50000,easy piano score,높음,
50000,easy piano sheet,높음,
50000,easy piano sheet free,낮음,
50000,easy piano sheet music,높음,Y
50000,easy piano sheet music for beginners,높음,
50000,easy piano sheets for beginners,높음,
50000,easy piano song,높음,
50000,easy piano song for beginners,높음,
50000,easy piano songs keys,높음,
50000,easy piano songs sheet,높음,
50000,easy sheet music keyboard,높음,
50000,easy songs to play on piano,높음,
50000,fleur elise piano notes,높음,
50000,fur elise music note,높음,
50000,fur elise note sheet,높음,
50000,fur elise piano easy,높음,
50000,fur elise piano keys easy,높음,
50000,fur elise piano notes,높음,
50000,fur elise piano simple,높음,
50000,fur elise piano with notes,높음,
50000,happy birthday key notes on piano,높음,
50000,happy birthday music notes for piano,높음,
50000,happy birthday piano notes,높음,
50000,happy birthday piano notes easy,중간,
50000,happy birthday piano sheet,높음,
50000,happy birthday piano sheet music,높음,
50000,how do i read piano sheet music,중간,
50000,how do i read sheet music,낮음,
50000,how do i read sheet music for piano,중간,
50000,how do you read a music sheet,낮음,
50000,how do you read piano sheet music,중간,
50000,how do you read sheet music,낮음,
50000,how to learn sheet music,낮음,
50000,how to read a music score,낮음,
50000,how to read a music sheet piano,중간,
50000,how to read a piano score,중간,
50000,how to read music notes for piano,중간,
50000,how to read note sheet,낮음,
50000,how to read notes on piano sheet music,중간,
50000,how to read notes on sheet music,낮음,
50000,how to read partiture,낮음,
50000,how to read piano scores,중간,
50000,how to read piano sheet,낮음,
50000,how to read piano sheet notes,낮음,
50000,how to read sheet music,낮음,Y
50000,how to read sheet music piano pdf,중간,
50000,how to read song notes,낮음,
50000,jingle bell jingle bell piano notes,중간,
50000,jingle bell piano keys,높음,
50000,jingle bell song notes,높음,
50000,jingle bell song on piano,높음,
50000,jingle bell song piano notes,중간,
50000,jingle bells keyboard notes,중간,
50000,jingle bells music notes,높음,
50000,jingle bells music notes piano,중간,
50000,jingle bells musical notes,높음,
50000,jingle bells notation piano,중간,
50000,jingle bells piano,높음,
50000,jingle bells piano notes,중간,
50000,keyboard notes songs,중간,
50000,keyboard piano chords beginner,낮음,
50000,keyboard piano notes,높음,
50000,keyboard piano notes happy birthday,높음,
50000,keyboard piano song notes,중간,
50000,keyboard sheet music for beginners,높음,
50000,learning piano chords beginners,낮음,
50000,melodyscanner,낮음,
50000,music notation treble clef,중간,
50000,music note treble clef,중간,
50000,music notes and treble clef,중간,
50000,music notes for fur elise on piano,높음,
50000,music notes for twinkle little star,높음,
50000,music notes for twinkle twinkle little star,높음,
50000,music notes of fur elise piano,높음,
50000,music notes of jingle bells,중간,
50000,music notes on a treble clef,중간,
50000,music sheet for fur elise,높음,
50000,music sheet piano easy,높음,
50000,musical note treble clef,중간,
50000,note for twinkle twinkle little star,높음,
50000,notes for jingle bells piano,중간,
50000,notes jingle bells,높음,
50000,notes on piano chart,높음,
50000,notes on the piano for happy birthday,높음,
50000,notes on the piano for jingle bells,중간,
50000,notes piano for beginners,높음,
50000,piano carol of the bells,중간,
50000,piano chords for beginners,낮음,
50000,piano happy birthday,높음,
50000,piano key and note chart,높음,
50000,piano key notes for beginners,높음,
50000,piano keyboard and notes chart,높음,
50000,piano keyboard notes chart,높음,
50000,piano keyboard notes for beginners,높음,
50000,piano keyboard notes for jingle bells,중간,
50000,piano keyboard notes songs,중간,
50000,piano keyboard sheet music beginners,높음,
50000,piano keyboard song notes,중간,
50000,piano keys chords for beginners,낮음,
50000,piano keys easy songs,높음,
50000,piano keys notes songs,중간,
50000,piano keys songs beginners,높음,
50000,piano letters,중간,
50000,piano music for beginners,높음,
50000,piano music notes for beginners,높음,
50000,piano musical notes for beginners,높음,
50000,piano notation for beginners,높음,
50000,piano notes chart,높음,Y
50000,piano notes for beginners,높음,Y
50000,piano notes for jingle bell,중간,
50000,piano notes for starters,높음,
50000,piano notes on keyboard songs,중간,
50000,piano notes sheet for beginners,높음,
50000,piano score for beginners,높음,
50000,piano sheet how to read,낮음,
50000,piano sheets for beginners,높음,
50000,piano song notes for beginners,높음,
50000,sheet music beginner,높음,
50000,sheet music easy,높음,
50000,sheet music on piano for beginners,높음,
50000,simple piano chords for beginners,낮음,
50000,simple piano sheet music,높음,
50000,simplified piano sheet music,높음,
50000,song with notes for piano,중간,
50000,starter piano sheet music,높음,
50000,treble and clef notes,중간,
50000,treble clef a note,중간,
50000,treble clef and music notes,중간,
50000,treble clef and notes,중간,
50000,treble clef notation,중간,
50000,treble clef notes,중간,Y
5000,7 years piano notes easy,낮음,
5000,a whole new world piano,중간,
5000,a whole new world piano keys,중간,
5000,abc piano notes,높음,
5000,all i want for christmas easy piano,높음,
5000,all i want for christmas is you easy piano,높음,
5000,all i want for christmas piano easy,높음,
5000,all notes in treble clef,중간,
5000,all of me john legend piano notes easy,낮음,
5000,all of me keyboard notes,낮음,
5000,all of me piano easy,중간,
5000,all of me piano simple,중간,
5000,alto clef notes on staff,낮음,
5000,amazing grace easy piano,높음,
5000,amazing grace easy piano music,높음,
5000,amazing grace piano notes easy,중간,
5000,basic piano chords,높음,
5000,basic piano chords song,중간,
5000,basic piano notes,높음,
5000,basic piano notes songs,높음,
5000,basic piano sheet,높음,
5000,basic piano songs sheet music,중간,
5000,basic piano songs with letters,높음,
5000,bass and treble clef,낮음,
5000,bass and treble clef notes,높음,
5000,bass clef acronyms,낮음,
5000,bass clef and treble clef,낮음,
5000,bass clef and treble clef notes,높음,
5000,bass clef ledger line,낮음,
5000,bass clef ledger notes,낮음,
5000,bass clef middle c,낮음,
5000,bass clef notes and treble clef notes,높음,
5000,bass clef to treble clef,낮음,
5000,bass clef treble clef notes,높음,
5000,bass notes on a staff,높음,
5000,bass treble clef,낮음,
5000,bass treble clef notes,높음,
5000,beauty and the beast easy piano,높음,
5000,beauty and the beast piano,낮음,
5000,beauty and the beast piano sheet music,높음,
5000,beginner happy birthday piano chords,높음,
5000,beginner piano duet,높음,
5000,beginner piano keys labeled,높음,
5000,beginner piano letter notes,높음,
5000,beginner piano music sheets free,중간,
5000,beginners piano notes with letters,높음,
5000,bohemian rhapsody easy piano,높음,
5000,canon easy piano,높음,
5000,canon easy piano sheet,높음,
5000,canon in d easy piano sheet music,높음,
5000,canon in d notes for piano,중간,
5000,canon in d piano easy,높음,
5000,canon in d piano notes easy,낮음,
5000,canon in d piano score easy,높음,
5000,canon in d piano sheet easy,높음,
5000,canon in d simple piano sheet,높음,
5000,canon piano easy sheet music,높음,
5000,carol of bells piano notes,낮음,
5000,carol of the bells easy piano sheet music,높음,
5000,carol of the bells piano easy,높음,
5000,carol of the bells piano notes,낮음,
5000,carol of the bells simple piano,높음,
5000,carol of the bells simple piano sheet music,높음,
5000,casio notes for happy birthday,높음,
5000,christmas carols easy piano,높음,
5000,christmas music piano sheet music easy,높음,
5000,christmas piano easy sheet music,높음,
5000,christmas piano songs for beginners,높음,
5000,christmas songs on the piano easy,높음,
5000,clair de lune easy piano,높음,
5000,clair de lune sheet music easy,높음,
5000,claire de lune easy piano,높음,
5000,clef in music,낮음,
5000,clef notes,낮음,
5000,clefs and notes,낮음,
5000,clocks coldplay piano notes easy,중간,
5000,comptine d un autre été piano sheets,중간,
5000,comptine d un autre été sheet music,높음,
5000,cool songs for piano,낮음,
5000,czerny opus 599 pdf,낮음,
5000,disney easy piano songs,높음,
5000,disney piano songs with letters,높음,
5000,disney songs on piano easy,높음,
5000,do re mi sheet music,중간,Y
5000,doremi notes piano,중간,
5000,doremi song notes,낮음,
5000,easiest piano song to learn,중간,
5000,easy all of me piano,중간,
5000,easy chords keyboard,낮음,
5000,easy chords to learn on piano,낮음,
5000,easy christmas carols piano sheet music,높음,
5000,easy christmas music sheet piano,높음,
5000,easy christmas piano music,높음,
5000,easy christmas piano pieces,높음,
5000,easy christmas piano sheet,높음,
5000,easy christmas piano sheet music,높음,
5000,easy christmas songs piano,높음,
5000,easy classical music for piano,높음,
5000,easy classical pieces for piano,높음,
5000,easy hallelujah piano,높음,
5000,easy jingle bells piano music,높음,
5000,easy let it go piano,높음,
5000,easy moonlight sonata piano sheet music,높음,
5000,easy music on the piano,높음,
5000,easy on piano,중간,
5000,easy piano canon in d sheet music,높음,
5000,easy piano chords songs with letters,높음,
5000,easy piano chords to learn,중간,
5000,easy piano disney songs,높음,
5000,easy piano duets,높음,
5000,easy piano jingle bells sheet music,높음,
5000,easy piano music,높음,
5000,easy piano music for jingle bells,높음,
5000,easy piano music free,중간,
5000,easy piano notation,높음,
5000,easy piano notes,높음,Y
5000,easy piano notes for beginners,높음,
5000,easy piano notes for popular songs,높음,
5000,easy piano numbers songs,높음,
5000,easy piano piece,높음,
5000,easy piano pieces sheet music,중간,
5000,easy piano pop songs with letters,높음,
5000,easy piano popular songs,높음,
5000,easy piano sheet letters,높음,
5000,easy piano sheet music with letters,높음,
5000,easy piano sheet song,중간,
5000,easy piano sheet with letters,높음,
5000,easy piano song notes for beginners,높음,
5000,easy piano song to learn,중간,
5000,easy piano songs for beginners chords,중간,
5000,easy piano songs for beginners free,중간,
5000,easy piano songs for beginners with letters,높음,
5000,easy piano songs jingle bells,높음,
5000,easy piano songs notes,높음,
5000,easy piano songs sheet music,중간,
5000,easy piano songs with letters,높음,Y
5000,easy piano songs with numbers,높음,
5000,easy piano songs with numbers instead of notes,높음,
5000,easy piano with notes,높음,
5000,easy pop songs on piano letters,높음,
5000,easy roblox piano sheets,낮음,
5000,easy sheet music for moonlight sonata,높음,
5000,easy sheet music songs piano,중간,
5000,easy sheet music with letters,높음,
5000,easy song to learn on piano,중간,
5000,easy songs on piano with numbers,높음,
5000,easy songs with chords piano,중간,
5000,easy songs with piano chords,중간,
5000,easy to learn piano songs for beginners,중간,
5000,easy twinkle twinkle little star piano,높음,
5000,easy worship piano songs,높음,
5000,feliz navidad piano sheet,높음,
5000,finger chart piano,높음,
5000,free basic piano sheet music,중간,
5000,free easy piano sheet music,중간,
5000,free keyboard sheet music for beginners,중간,
5000,free piano music for beginners,중간,
5000,free piano sheet music for beginners,중간,
5000,free piano sheets for beginners,중간,
5000,free simple piano music,중간,
5000,fur elise easy,높음,
5000,fur elise easy piano sheet music,높음,
5000,fur elise music notes letters,높음,
5000,fur elise musical notes,높음,
5000,fur elise notes,높음,
5000,fur elise notes easy letters,높음,
5000,fur elise notes with letters,높음,
5000,fur elise piano notes letters,중간,
5000,fur elise piano sheet easy,높음,
5000,fur elise sheet music easy,높음,
5000,fur elise simple piano sheet music,높음,
5000,fur elise simple sheet music,높음,
5000,fur elise simplified,높음,
5000,fur elise simplified sheet music,높음,
5000,für elise letter notes,높음,
5000,g clef and treble clef,낮음,
5000,g clef notes,중간,
5000,g on treble clef,낮음,
5000,hallelujah piano easy,높음,
5000,hallelujah simple piano,높음,
5000,happy birthday in keyboard notes,낮음,
5000,happy birthday in piano letters,높음,
5000,happy birthday keys in piano,중간,
5000,happy birthday letter piano,높음,
5000,happy birthday note keyboard,낮음,
5000,happy birthday notes keyboard,낮음,
5000,happy birthday on piano letters,높음,
5000,happy birthday piano chords easy,높음,
5000,happy birthday piano easy,높음,
5000,happy birthday piano score,높음,
5000,happy birthday piano with letters,높음,
5000,happy birthday simple piano,높음,
5000,happy birthday song chords piano,낮음,
5000,happy birthday song in piano,높음,
5000,happy birthday song notes keyboard,낮음,
5000,happy birthday song on keyboard,중간,
5000,happy birthday song on piano easy notes,높음,
5000,happy birthday song piano notes,높음,
5000,happy birthday song piano sheet,높음,
5000,happy birthday song piano sheet music,높음,
5000,happy birthday to u piano notes,높음,
5000,happy birthday to you keyboard notes,낮음,
5000,happy birthday to you piano notes,높음,
5000,happy birthday to you sheet music piano,높음,
5000,happy birthday to you song piano notes,높음,
5000,harry potter easy piano,중간,
5000,harry potter music notes for piano,낮음,
5000,harry potter music notes piano,낮음,
5000,harry potter piano note,낮음,
5000,harry potter piano notes,낮음,
5000,harry potter piano sheet music,높음,
5000,harry potter sheet piano,높음,
5000,harry potter song notes for piano,낮음,
5000,harry potter theme notes piano,중간,
5000,harry potter theme piano sheet music,높음,
5000,hedwig theme easy piano,높음,
5000,how can i read music notes,낮음,
5000,how do i read guitar sheet music,낮음,
5000,how do i read music notes,낮음,
5000,how do i read piano music,높음,
5000,how do i read piano notes,중간,
5000,how do you read drum notes,낮음,
5000,how do you read drum sheet music,낮음,
5000,how do you read drum tabs,낮음,
5000,how do you read guitar sheet music,낮음,
5000,how do you read music notes,낮음,
5000,how do you read music notes for piano,중간,
5000,how do you read notes on a piano,중간,
5000,how do you read piano music,높음,
5000,how do you read piano notes,중간,
5000,how do you read violin sheet music,낮음,
5000,how to learn music notation,낮음,
5000,how to play piano without sheet music,낮음,
5000,how to read a drum score,낮음,
5000,how to read a drum sheet,낮음,
5000,how to read a drum tab,낮음,
5000,how to read a notes in piano,중간,
5000,how to read a violin music sheet,낮음,
5000,how to read basic music notes,낮음,
5000,how to read drum music notes,낮음,
5000,how to read drum notation,낮음,
5000,how to read drum notes,낮음,
5000,how to read drum set sheet music,낮음,
5000,how to read drum sheet music,낮음,
5000,how to read drum tablature,낮음,
5000,how to read guitar notes on sheet music,낮음,
5000,how to read guitar sheet music,낮음,
5000,how to read music for piano,높음,
5000,how to read music notation,낮음,
5000,how to read music notes,낮음,
5000,how to read music notes for violin,낮음,
5000,how to read musical notes for guitar,낮음,
5000,how to read musical notes for piano,중간,
5000,how to read piano notation,중간,
5000,how to read piano notes,중간,Y
5000,how to read piano sheet music,중간,
5000,how to read sheet notes,낮음,
5000,how to read violin notes on sheet music,낮음,
5000,how to read violin sheet music,낮음,
5000,interstellar easy piano,낮음,
5000,interstellar piano easy,낮음,
5000,jingle bell piano sheet,높음,
5000,jingle bell rock piano,중간,
5000,jingle bell rock sheet music piano,높음,
5000,jingle bells easy piano sheet,높음,
5000,jingle bells keyboard sheet music,높음,
5000,jingle bells piano chords,중간,
5000,jingle bells piano easy,높음,
5000,jingle bells piano easy sheet music,높음,
5000,jingle bells piano music,높음,
5000,jingle bells piano notes in letters,중간,
5000,jingle bells piano score,높음,
5000,jingle bells piano sheet music,높음,
5000,jingle bells piano sheet music easy,높음,
5000,jingle bells sheet music easy piano,높음,
5000,jingle bells simple piano,높음,
5000,jingle bells simple piano sheet music,높음,
5000,keyboard music notes,중간,
5000,keyboard music notes for beginners,중간,
5000,keyboard notes for beginners,중간,
5000,keyboard notes for happy birthday to you,낮음,
5000,keyboard notes twinkle twinkle little star,중간,
5000,keyboard piano chart,높음,
5000,keyboard piano letter,높음,
5000,keyboard piano songs with letters,중간,
5000,keyboard sheet music for beginners free,중간,
5000,keyboard titanic notes,낮음,
5000,lean on me chords piano,중간,
5000,lean on me chords piano sheet music,중간,
5000,lean on me on piano,중간,
5000,lean on me piano notes easy,중간,
5000,lean on me piano sheet music,높음,
5000,learn music notation,중간,
5000,learn music notes piano,높음,
5000,learn piano chord,중간,
5000,learn piano notes,높음,
5000,learn to read music notes,중간,
5000,learn to read music sheets,중간,
5000,learn to read piano sheet,중간,
5000,learn to read sheet music,중간,Y
5000,learning to read music,높음,
5000,ledger lines treble clef,낮음,
5000,ledger notes treble clef,낮음,
5000,let it go easy piano sheet,높음,
5000,let it go easy piano sheet music,높음,
5000,let it go easy sheet music,높음,
5000,letter easy piano songs,높음,
5000,letter music notes piano,중간,
5000,letter note piano music,중간,
5000,letter notes,낮음,
5000,letter notes for violin,중간,
5000,letter notes in music,중간,
5000,letter notes piano,중간,Y
5000,letter song piano,중간,
5000,letters for happy birthday on piano,높음,
5000,letters in piano keys,높음,
5000,mary had a little lamb piano notes easy,중간,
5000,middle c in treble clef,낮음,
5000,midi into sheet music,낮음,
5000,midi piano sheet,낮음,
5000,midi to music score,낮음,
5000,midi to sheet music,낮음,
5000,moonlight piano easy,높음,
5000,moonlight sonata 1st movement sheet music,중간,
5000,moonlight sonata easy,높음,
5000,moonlight sonata easy piano,높음,
5000,moonlight sonata easy piano sheet,높음,
5000,moonlight sonata first movement sheet music,중간,
5000,moonlight sonata sheet music easy,높음,
5000,moonlight sonata simple sheet music,높음,
5000,music notation for beginners,중간,
5000,music note names treble clef,낮음,
5000,music note treble,중간,
5000,music notes and letters,중간,
5000,music notes bass and treble clef,높음,
5000,music notes bass clef and treble clef,높음,
5000,music notes for beginners,중간,
5000,music scale treble clef,중간,
5000,music scanner,낮음,
5000,music score scanner,낮음,
5000,music score to midi,낮음,
5000,music sheet piano with letters,높음,
5000,music sheet scanner app,낮음,
5000,music staff notes treble clef,높음,
5000,music staff treble,낮음,
5000,music staff treble clef,낮음,
5000,music treble clef staff,낮음,
5000,musical notes treble clef and bass clef,높음,
5000,my heart will go on keyboard notes,중간,
5000,my heart will go on piano notes easy,낮음,
5000,name of notes on treble clef,낮음,
5000,name of treble clef notes,낮음,
5000,name the notes on the treble clef,낮음,
5000,name the notes treble clef,낮음,
5000,note naming treble clef,낮음,
5000,notes above the stave,낮음,
5000,notes for do re mi on piano,중간,
5000,notes for twinkle little star on piano,중간,
5000,notes of the treble and bass clef,높음,
5000,notes on a staff treble clef,높음,
5000,notes on a stave treble clef,높음,
5000,notes on the music staff,높음,
5000,notes on treble,중간,
5000,notes on treble clef piano,높음,
5000,ode to joy piano easy,높음,
5000,old macdonald keyboard notes,높음,
5000,one summer's day easy piano sheet,낮음,
5000,pdf sheet to midi,낮음,
5000,piano canon in d easy,높음,
5000,piano chart for beginners,높음,
5000,piano chart keys,높음,
5000,piano chords easy,낮음,
5000,piano chords for beginners pdf,중간,
5000,piano chords for beginners songs,중간,
5000,piano chords happy birthday,낮음,
5000,piano christmas sheet music easy,높음,
5000,piano disney songs easy,높음,
5000,piano easy,낮음,
5000,piano easy songs letters,높음,
5000,piano happy birthday easy,높음,
5000,piano happy birthday letters,높음,
5000,piano key chart for beginners,높음,
5000,piano key diagram,중간,
5000,piano keyboard abc notes,높음,
5000,piano keyboard music sheets,낮음,
5000,piano keys chart,높음,
5000,piano keys for happy birthday,중간,
5000,piano lesson for beginners pdf,중간,
5000,piano letter notes for fur elise,중간,
5000,piano letters and notes,중간,
5000,piano letters easy songs,높음,
5000,piano letters for beginners,높음,
5000,piano letters pop songs,높음,
5000,piano letters to notes,중간,
5000,piano man easy piano,높음,
5000,piano man on piano easy,높음,
5000,piano man piano easy,높음,
5000,piano moonlight sonata easy,높음,
5000,piano music using letters,높음,
5000,piano music with letters,중간,
5000,piano notation chart,높음,
5000,piano note abc,높음,
5000,piano note naming,중간,
5000,piano notes and letters,중간,
5000,piano notes as letters,중간,
5000,piano notes carol of the bells,낮음,
5000,piano notes finger placement,낮음,
5000,piano notes for beginners with letters,높음,
5000,piano notes for jingle bells in letters,중간,
5000,piano notes for jingle bells with letters,중간,
5000,piano notes for twinkle twinkle little star in letters,중간,
5000,piano notes into letters,중간,
5000,piano notes on a staff,높음,
5000,piano notes on music sheet,높음,
5000,piano notes with letters for popular songs,중간,
5000,piano notes with letters songs,중간,
5000,piano pieces for beginners,높음,
5000,piano pirates of the caribbean notes,중간,
5000,piano sheet music easy christmas,높음,
5000,piano sheet music let it go,높음,
5000,piano sheet music with letters,높음,Y
5000,piano sheet music with letters easy,높음,
5000,piano sheet simple,높음,
5000,piano sheet to midi,낮음,
5000,piano sheets for beginners with letters,높음,
5000,piano sheets with letters,높음,
5000,piano songs easy with numbers,높음,
5000,piano songs sheet music easy,중간,
5000,piano songs using letters,중간,
5000,piano songs with letters,중간,
5000,piano songs with letters easy,높음,
5000,piano songs with notes and letters,중간,
5000,piano tunes with letters,중간,
5000,piano with do re mi,중간,
5000,piano with letter notes,중간,
5000,piano with letters songs,중간,
5000,pirate of the caribbean piano easy,중간,
5000,pirates of caribbean notes for piano,중간,
5000,pop song piano letters,높음,
5000,pop songs with letters for piano,높음,
5000,popular easy piano songs with letters,높음,
5000,practice reading music notes,낮음,
5000,read music notation,높음,
5000,read music notes for piano,높음,
5000,read music notes piano,높음,
5000,read music score,중간,
5000,read piano music,높음,
5000,read piano notes,높음,
5000,reading music notes,높음,
5000,reading music notes for beginners,높음,
5000,reading music sheet for piano,높음,
5000,reading piano notes,높음,
5000,reading piano sheet music,높음,
5000,reading sheet music,중간,
5000,reading sheet music for beginners,높음,
5000,river flows in you piano easy,중간,
5000,river flows in you piano notes easy,낮음,
5000,river flows in you piano sheet easy,중간,
5000,river flows in you piano sheet music easy,중간,
5000,river flows in you simple piano sheet,중간,
5000,roblox easy piano sheets,낮음,
5000,roblox piano sheet music easy,낮음,
5000,roblox piano sheets easy,낮음,
5000,runaway piano easy,낮음,
5000,runaway piano notes letters,낮음,
5000,rush e piano easy,낮음,
5000,scale chart piano,높음,
5000,scales for beginners piano,중간,
5000,scan sheet music app,낮음,
5000,sheet music and midi,낮음,
5000,sheet music beginner piano free,중간,
5000,sheet music drums how to read,낮음,
5000,sheet music easy piano songs,중간,
5000,sheet music into midi,낮음,
5000,sheet music piano happy birthday,높음,
5000,sheet music piano jingle bells,높음,
5000,sheet music scanner,낮음,Y
5000,sheet music scanner app,낮음,
5000,sheet music scanner online free,낮음,
5000,sheet music to midi,낮음,Y
5000,sheet music viewer,낮음,
5000,sheet music with letters,높음,Y
5000,sheet music with letters piano,높음,
5000,sheet music with the letters,높음,
5000,sheetmusicscanner,낮음,
5000,silent night notes for piano,높음,
5000,silent night piano easy,높음,
5000,simple christmas piano songs,높음,
5000,simple music sheet piano,높음,
5000,simple ode to joy piano,높음,
5000,simple piano chords song,중간,
5000,simple piano note songs,높음,
5000,simple piano notes,높음,
5000,simple piano notes for beginners,높음,
5000,simple piano notes songs,높음,
5000,simple piano piece,높음,
5000,simple piano score,높음,
5000,simple piano sheet,높음,
5000,simple piano sheet music free,중간,
5000,simple piano sheet music with letters,높음,
5000,simple piano songs for beginners with letters,높음,
5000,simple piano songs sheet music,중간,
5000,simple piano songs with letters,높음,
5000,simple tunes on piano,높음,
5000,simplified piano music,높음,
5000,simplified piano sheet music free,중간,
5000,simplified sheet music,높음,
5000,simply piano music sheets,높음,
5000,simply piano sheets,높음,
5000,someone like you piano chords,낮음,
5000,someone like you piano notes easy,낮음,
5000,someone you loved piano,낮음,
5000,song with easy piano chords,중간,
5000,songs for piano letters,중간,
5000,songs on piano letter notes,중간,
5000,songs with letters piano,중간,
5000,staff treble clef,낮음,
5000,star wars piano easy,높음,
5000,still dre piano notes easy,낮음,
5000,the wheel on the bus piano notes,높음,
5000,the wheel on the bus piano sheet,중간,
5000,the wheels on the bus piano,중간,
5000,treble clef bass clef,낮음,
5000,treble clef bass clef heart,낮음,
5000,treble clef drawing,낮음,
5000,treble clef notes on a staff,높음,
5000,treble clef notes on the staff,높음,
5000,treble clef scale,중간,
5000,twinkle little star easy piano,높음,
5000,twinkle little star keyboard notes,중간,
5000,twinkle little star piano easy,높음,
5000,twinkle little star piano notes easy,낮음,
5000,twinkle little star piano notes letters,중간,
5000,twinkle little star sheet music piano,낮음,
5000,twinkle twinkle easy piano,높음,
5000,twinkle twinkle little star easy piano,높음,
5000,twinkle twinkle little star keyboard notes,중간,
5000,twinkle twinkle little star letter notes for piano,중간,
5000,twinkle twinkle little star piano music sheet,낮음,
5000,twinkle twinkle little star piano notes easy,낮음,
5000,twinkle twinkle little star piano notes letters,중간,
5000,twinkle twinkle piano notes letters,중간,
5000,virtual piano letter notes,낮음,
5000,viva la vida piano notes easy,중간,
5000,wheel on the bus piano sheet,중간,
5000,wheels on the bus piano notes,높음,
5000,yiruma river flows in you easy piano sheet,높음,
500,1000 years keyboard notes,낮음,
500,1000 years piano easy,중간,
500,12 days of christmas easy piano,높음,
500,12 days of christmas piano easy,높음,
500,500 miles piano notes easy,낮음,
500,7 years piano letter notes,낮음,
500,7 years piano sheet music easy,높음,
500,88 key piano chart,낮음,
500,88 key piano keyboard notes,높음,
500,88 key piano note chart,높음,
500,88 key piano notes chart,높음,
500,a million dreams easy piano,높음,
500,a million dreams piano easy,높음,
500,a million dreams piano letters,낮음,
500,a thousand miles easy piano,중간,
500,a thousand miles piano notes easy,낮음,
500,a thousand miles piano sheet music easy,높음,
500,a thousand years easy piano,중간,
500,a thousand years easy piano sheet music,높음,
500,a thousand years keyboard notes,낮음,
500,a thousand years piano chords easy,낮음,
500,a thousand years piano letter,낮음,
500,a thousand years piano letter notes,낮음,
500,a thousand years piano notes easy,중간,
500,a thousand years piano notes letters,낮음,
500,a thousand years piano sheet easy,높음,
500,a thousand years piano sheet music for beginners free,높음,
500,a thousand years piano with letters,낮음,
500,a whole new world easy piano,높음,
500,a whole new world piano letter notes,중간,
500,a whole new world piano letters,낮음,
500,a whole new world piano notes letters,중간,
500,a whole new world piano notes with letters,중간,
500,a whole new world piano sheet easy,높음,
500,abba easy piano,높음,
500,abba piano easy,높음,
500,abc piano notes for beginners,중간,
500,abc piano notes letters,낮음,
500,abc song note,중간,
500,abc song notes piano,중간,
500,abc song piano notes with letters,낮음,
500,abcd song piano notes,중간,
500,addams family piano notes easy,중간,
500,addams family piano notes letters,낮음,
500,adele piano easy,높음,
500,adele piano sheet music easy,높음,
500,ai sheet music reader,낮음,
500,all i want for christmas is you piano letters,낮음,
500,all i want for christmas piano letters,낮음,
500,all of me john legend keyboard notes,높음,
500,all of me john legend piano easy,높음,
500,all of me on piano with letters,낮음,
500,all of me piano chords beginner,중간,
500,all of me piano chords easy,낮음,
500,all of me piano chords letters,중간,
500,all of me piano keys letters,낮음,
500,all of me piano letters,낮음,
500,all of me piano notes beginner,높음,
500,all of me piano sheet easy,높음,
500,all of me piano sheet music easy,높음,
500,all of me piano with letters,낮음,
500,all piano notes with letters,중간,
500,alouette sheet music piano,높음,
500,alphabet notes for piano,높음,
500,alphabet song notes for piano,중간,
500,alto sax notes with letters,높음,
500,always with me piano easy,중간,
500,always with me piano sheet easy,중간,
500,amazing grace beginner piano,높음,
500,amazing grace beginner piano sheet music,높음,
500,amazing grace easy piano sheet music,높음,
500,amazing grace easy sheet music,높음,
500,amazing grace keyboard notes,중간,
500,amazing grace piano chords easy,중간,
500,amazing grace piano easy sheet music,높음,
500,amazing grace piano letters,높음,
500,amazing grace recorder notes with letters,낮음,
500,amazing grace simple piano,높음,
500,amazing grace violin notes with letters,낮음,
500,amelie comptine d un autre ete piano,낮음,
500,amelie piano easy,낮음,
500,android sheet music reader,낮음,
500,another love easy piano,중간,
500,another love piano notes easy,낮음,
500,another love piano notes letters,낮음,
500,another love piano sheet easy,중간,
500,another love piano sheet music easy,높음,
500,another name for treble clef,낮음,
500,app for reading sheet music,낮음,
500,app to read music notes,낮음,
500,auld lang syne easy piano,높음,
500,auld lang syne easy piano sheet music,높음,
500,auld lang syne piano easy,높음,
500,autumn leaves piano easy,높음,
500,ave maria easy piano,높음,
500,ave maria easy piano sheet music,높음,
500,avengers theme piano easy,중간,
500,away in a manger beginner piano,높음,
500,away in a manger beginner piano sheet music,높음,
500,away in a manger easy piano,높음,
500,away in a manger piano beginner,높음,
500,away in a manger piano easy,높음,
500,away in a manger piano sheet music easy,높음,
500,b flat treble clef,낮음,
500,baa baa black sheep easy piano,높음,
500,baa baa black sheep piano easy,높음,
500,ballade pour adeline piano sheet easy,높음,
500,basic chords on keyboard,중간,
500,basic happy birthday piano notes,높음,
500,basic keyboard notes,낮음,
500,basic keyboard notes for beginners,낮음,
500,basic piano chords for beginners,높음,
500,basic piano chords sheet music,높음,
500,basic piano jazz chords,낮음,
500,basic piano keys,중간,
500,basic piano notes for beginners,높음,
500,basic piano notes hindi songs,낮음,
500,basic piano pdf,낮음,
500,basic piano pieces for beginners,높음,
500,bass and treble clef notes on staff,중간,
500,bass and treble clef piano,높음,
500,bass and treble notes,중간,
500,bass and treble staff,중간,
500,bass clef above the staff,낮음,
500,bass clef below the staff,낮음,
500,bass clef f clef,낮음,
500,bass clef ledger line notes,낮음,
500,bass clef ledger lines notes,낮음,
500,bass clef notes above and below the staff,중간,
500,bass clef notes above staff,낮음,
500,bass clef notes below the staff,중간,
500,bass clef notes labeled,높음,
500,bass clef notes piano chart,높음,
500,bass clef sharps,낮음,
500,bass clef sharps and flats,낮음,
500,bass clef solfege,낮음,
500,bass ledger lines,낮음,
500,bass note chart piano,높음,
500,bass to treble clef,낮음,
500,bass treble notes,중간,
500,beatles piano easy,높음,
500,beautiful easy piano songs,중간,
500,beautiful in white piano sheet easy,낮음,
500,beautiful simple piano songs,중간,
500,beauty and the beast easy piano sheet,높음,
500,beauty and the beast easy piano sheet music,높음,
500,beauty and the beast note piano,중간,
500,beauty and the beast piano notes,중간,
500,beauty and the beast piano sheet easy,높음,
500,beauty and the beast piano song,낮음,
500,beethoven 5th symphony piano easy,높음,
500,beethoven easy piano sheet music,높음,
500,beethoven elise notes,높음,
500,beethoven fur elise easy piano,높음,
500,beethoven fur elise notes,높음,
500,beethoven fur elise notes piano,중간,
500,beethoven fur elise piano notes letters,낮음,
500,beethoven notes piano with letters,중간,
500,beethoven piano easy,높음,
500,beethoven piano fur elise notes,중간,
500,beethoven piano notes easy,중간,
500,beethoven sheet music easy,높음,
500,beethoven virus piano notes,낮음,
500,beginner a thousand years piano sheet music,높음,
500,beginner all of me piano sheet music,높음,
500,beginner amazing grace piano sheet music,높음,
500,beginner can t help falling in love piano chords,높음,
500,beginner carol of the bells piano sheet music with letters,높음,
500,beginner christmas piano sheet music,높음,
500,beginner christmas sheet music,높음,
500,beginner christmas songs piano,높음,
500,beginner classical piano sheet music,높음,
500,beginner disney piano sheet music,높음,
500,beginner easy beginner disney piano songs with letters,높음,
500,beginner easy canon in d piano,높음,
500,beginner easy christmas piano songs with letters,높음,
500,beginner easy flute songs with letters,중간,
500,beginner easy kalimba songs,중간,
500,beginner easy piano sheet music,높음,
500,beginner easy piano songs with letters,높음,
500,beginner easy worship songs piano chords,중간,
500,beginner happy birthday piano,높음,
500,beginner happy birthday piano sheet music,높음,
500,beginner heart and soul piano easy sheet music with letters,높음,
500,beginner jazz piano pdf,중간,
500,beginner jingle bells sheet music,높음,
500,beginner left hand piano notes,높음,
500,beginner letter easy piano songs,높음,
500,beginner love story piano sheet music,높음,
500,beginner mary had a little lamb piano notes,높음,
500,beginner moonlight sonata sheet music,높음,
500,beginner piano amazing grace,높음,
500,beginner piano carol of the bells,높음,
500,beginner piano classical sheet music,높음,
500,beginner piano exercises pdf,중간,
500,beginner piano jingle bells sheet music,높음,
500,beginner piano keyboard notes for hindi songs,낮음,
500,beginner piano moonlight sonata,높음,
500,beginner piano music jingle bells,높음,
500,beginner piano notes songs,높음,
500,beginner piano pop songs sheet music,높음,
500,beginner piano sheet music book,높음,
500,beginner piano sheet music jingle bells,높음,
500,beginner piano sheet music pdf,중간,
500,beginner piano sheet music popular songs,높음,
500,beginner piano sheet music with finger numbers,높음,
500,beginner piano song notes,높음,
500,beginner piano songs pdf,높음,
500,beginner piano we wish you a merry christmas,높음,
500,beginner piano worksheets,중간,
500,beginner popular easy piano songs with letters,높음,
500,beginner reading music notes,높음,
500,beginner river flows in you piano sheet easy with letters,높음,
500,beginner sheet music with letters,높음,
500,beginner songs on piano with letters,높음,
500,beginner we wish you a merry christmas piano notes,높음,
500,beginner xylophone sheet music,중간,
500,believer easy piano sheet music,높음,
500,believer imagine dragons piano sheet music easy,높음,
500,believer piano easy,중간,
500,believer piano notes easy,낮음,
500,believer piano notes letters,낮음,
500,believer piano sheet music easy,높음,
500,believer sheet music piano easy,높음,
500,bella ciao easy piano,중간,Y
500,bella ciao piano easy,중간,Y
500,bella ciao piano notes easy,낮음,
500,bella ciao piano notes with letters,낮음,
500,bella ciao piano sheet easy,중간,
500,bella's lullaby easy piano sheet music,높음,
500,bella's lullaby piano easy,중간,
500,bella's lullaby piano notes easy,낮음,
500,bella's lullaby piano notes letters,낮음,
500,best piano pieces for beginners,낮음,
500,billie eilish piano easy,중간,
500,bingo notes piano,중간,
500,binks sake piano notes,낮음,
500,binks sake piano sheet easy,낮음,
500,birthday notes piano,중간,
500,birthday song notes for piano,중간,
500,birthday song notes piano,중간,
500,birthday song piano sheet,높음,
500,birthday song piano sheet music,높음,
500,black midi sheet music,낮음,
500,blinding lights piano easy,낮음,
500,bloody stream midi,낮음,
500,blue bird naruto piano sheet music,낮음,
500,blue bird naruto sheet music,낮음,
500,blue bird on piano,낮음,
500,blue bird piano notes,낮음,
500,blue bird piano sheet,중간,
500,blue danube easy piano,높음,
500,blue piano easy,낮음,
500,blue piano notes letters,낮음,
500,bluebird piano sheet music,중간,
500,bluey theme piano sheet music,높음,
500,bluey theme song piano sheet music,중간,
500,bohemian rhapsody keyboard notes,낮음,
500,bohemian rhapsody piano easy sheet music,높음,
500,bohemian rhapsody piano letter,낮음,
500,bohemian rhapsody piano letter notes,낮음,
500,bohemian rhapsody piano notes easy,낮음,
500,bohemian rhapsody piano notes letters,낮음,
500,bohemian rhapsody piano sheet easy,중간,
500,bohemian rhapsody piano sheet music easy,높음,
500,bridge over troubled water easy piano,높음,
500,bridge over troubled water piano easy,높음,
500,bundle of joy piano notes letters,중간,
500,canon in c piano sheet easy,높음,
500,canon in d beginner piano,높음,
500,canon in d easy,높음,
500,canon in d easy sheet music,높음,
500,canon in d piano letter notes,중간,
500,canon in d piano letters,중간,
500,canon in d piano sheet music easy with letters,높음,
500,canon piano letters,중간,
500,canon piano notes with letters,중간,
500,cant help falling in love piano letters,낮음,
500,carol of the bells beginner piano,높음,
500,carol of the bells beginner piano sheet music,높음,
500,carol of the bells easy sheet music,높음,
500,carol of the bells keyboard notes,낮음,
500,carol of the bells letter notes,낮음,
500,carol of the bells piano beginner,높음,
500,carol of the bells piano beginner sheet music,높음,
500,carol of the bells piano chords,중간,
500,carol of the bells piano for beginners,높음,
500,carol of the bells piano letter notes,낮음,
500,carol of the bells piano letters,중간,
500,carol of the bells piano notes easy,중간,
500,carol of the bells piano notes letters,낮음,
500,carol of the bells piano notes with letters,낮음,
500,carol of the bells piano partition,중간,
500,carol of the bells piano sheet easy,낮음,
500,carol of the bells piano sheet music beginner,높음,
500,carol of the bells piano sheet music for beginners,높음,
500,carol of the bells piano sheet music with letters,높음,
500,carol of the bells sheet music easy piano free,중간,
500,carol of the bells violin sheet music with letters,중간,
500,charlie brown piano easy,중간,
500,chopin easy piano,높음,
500,chopsticks easy piano sheet music,중간,
500,chopsticks piano easy,낮음,
500,chopsticks piano easy sheet music,중간,
500,chopsticks piano letter notes,낮음,
500,christmas easy piano,높음,
500,christmas easy sheet music,높음,
500,christmas music piano letters,중간,
500,christmas notes for piano,중간,
500,christmas piano music for beginners,높음,
500,christmas piano sheet music free,낮음,
500,christmas sheet music easy,높음,
500,christmas sheet music for beginner piano,높음,
500,christmas song easy piano sheet music,높음,
500,christmas song keyboard notes,낮음,
500,christmas song notes for piano,높음,
500,christmas song on piano with letters,중간,
500,christmas song piano chords easy,중간,
500,christmas song piano sheet music easy,높음,
500,christmas songs easy piano chords,중간,
500,christmas songs easy piano pdf,중간,
500,christmas songs sheet music easy,높음,
500,christmas songs to play on piano,중간,
500,city of stars easy piano,높음,
500,city of stars easy piano sheet music,높음,
500,city of stars on piano easy,높음,
500,city of stars piano easy,높음,
500,city of stars piano easy sheet music,높음,
500,city of stars piano letter notes,낮음,
500,city of stars piano notes letters,낮음,
500,city of stars piano sheet music easy,높음,
500,clair de lune beginner sheet music,높음,
500,clair de lune letter notes,낮음,
500,clair de lune notes letters,낮음,
500,clair de lune piano easy letter notes,중간,
500,clair de lune piano easy sheet music,높음,
500,clair de lune piano letters,중간,
500,clair de lune piano notes easy,낮음,
500,clair de lune piano notes letters,낮음,
500,clair de lune piano sheet music easy,높음,
500,clair de lune sheet music beginner,높음,
500,clair de lune sheet music easy with letters,중간,
500,clair de lune sheet music for beginners,높음,
500,clair de lune sheet music with letters,중간,
500,clair de lune simple sheet music,높음,
500,clarinet letter notes,낮음,
500,classical easy piano sheet music,높음,
500,classical music piano sheet music for beginners,높음,
500,classical piano easy,높음,
500,classical piano easy sheet music,높음,
500,classical piano pieces for beginners,중간,
500,classical pieces for beginners piano,중간,
500,clef names,낮음,
500,clef notes on staff,중간,
500,clef piano notes,높음,
500,clef staff,낮음,
500,clocks coldplay easy piano,높음,
500,clocks coldplay piano easy,높음,
500,clocks piano notes letters,중간,
500,clocks piano sheet music easy,높음,
500,coldplay piano easy,높음,
500,colors of the wind easy piano,높음,
500,colors of the wind piano easy,높음,
500,complete piano notes chart,높음,
500,comptine d un autre été l après midi sheet music,높음,
500,comptine d un autre été piano notes,낮음,
500,comptine d un autre été piano sheet music,높음,
500,comptine d un autre été sheet music free,중간,
500,concerning hobbits piano easy,중간,
500,congratulations mac miller piano notes letters,낮음,
500,convert midi into sheet music,낮음,
500,convert midi to notation,낮음,
500,convert midi to sheet music,낮음,
500,convert music score to midi,낮음,
500,convert music sheet to midi,낮음,
500,convert sheet music to midi,낮음,
500,counting stars easy piano,낮음,
500,country roads easy piano,중간,
500,crazy train piano easy,낮음,
500,d on treble clef,낮음,
500,d treble clef,낮음,
500,dance monkey piano easy,낮음,
500,dance of the sugar plum fairy easy piano,높음,
500,dance of the sugar plum fairy piano sheet easy,높음,
500,dandelions piano notes letters,낮음,
500,deck the halls chords piano,중간,
500,deck the halls easy piano,높음,
500,deck the halls easy piano sheet music,높음,
500,deck the halls piano notes letters,중간,
500,demon slayer piano easy,낮음,
500,despacito easy piano,낮음,
500,despacito piano letter notes,낮음,
500,despacito piano notes letters,낮음,
500,despacito piano notes with letters,낮음,
500,digital sheet music reader,낮음,
500,disney beginner piano sheet music,높음,
500,disney easy piano songs with letters,높음,
500,disney piano easy,높음,
500,doe a deer piano notes easy,낮음,
500,don t stop believin piano sheet music easy,높음,
500,doraemon piano sheet easy,낮음,
500,download piano sheet music,높음,
500,drum tab how to read,낮음,
500,drum tab reading,낮음,
500,drunken sailor midi,낮음,
500,e treble clef,낮음,
500,easiest piano notes,높음,
500,easy and beautiful piano songs,중간,
500,easy beauty and the beast piano sheet music,높음,
500,easy beginner christmas piano songs,높음,
500,easy beginner ode to joy piano,높음,
500,easy beginner piano christmas songs,높음,
500,easy beginner piano sheet music free,중간,
500,easy beginner piano sheet music with letters,높음,
500,easy beginner sheet music for piano,높음,
500,easy beginner somewhere over the rainbow piano,높음,
500,easy casio notes for hindi songs,낮음,
500,easy christian piano songs with letters,중간,
500,easy christian songs piano,높음,
500,easy christian songs to play on the piano,높음,
500,easy christmas piano duets,높음,
500,easy christmas piano sheet music with letters,높음,
500,easy christmas piano songs for beginners,높음,
500,easy christmas piano songs with letters,중간,
500,easy christmas song chords piano,중간,
500,easy christmas song piano chords,중간,
500,easy christmas songs on piano chords,중간,
500,easy christmas songs piano notes with letters,중간,
500,easy clair de lune,높음,
500,easy clarinet sheet music with letters,높음,
500,easy clarinet songs with letter notes,높음,
500,easy classical piano book,높음,
500,easy classical piano pdf,중간,
500,easy classical piano sheet music,높음,
500,easy commodores piano sheet,높음,
500,easy commodores piano sheet music,높음,
500,easy country piano songs,중간,
500,easy disney piano sheet music,높음,
500,easy disney piano songs with letters,중간,
500,easy disney sheet music,높음,
500,easy famous piano songs,중간,
500,easy free christmas piano sheet music,높음,
500,easy free printable piano sheet music,낮음,
500,easy frozen piano sheet music,높음,
500,easy fun piano sheet music,높음,
500,easy greensleeves piano sheet music,높음,
500,easy guitar and piano duets,낮음,
500,easy hallelujah sheet music,높음,
500,easy halloween piano sheet music,높음,
500,easy halloween piano songs,높음,
500,easy happy birthday piano music,높음,
500,easy happy birthday piano sheet music,높음,
500,easy happy birthday sheet music,높음,
500,easy heart and soul piano sheet music,높음,
500,easy hindi song piano notes,낮음,
500,easy hindi songs on piano notes,낮음,
500,easy hymn piano sheet music,높음,
500,easy hymn sheet music,높음,
500,easy jazz piano sheet,높음,
500,easy jazz piano sheet music,높음,
500,easy jingle bell rock piano sheet music,높음,
500,easy jurassic park piano sheet music,높음,
500,easy kalimba,낮음,
500,easy kalimba notes,낮음,
500,easy keyboard notes,중간,
500,easy keyboard notes for beginners,중간,
500,easy keyboard notes for hindi songs,낮음,
500,easy keyboard notes for tamil songs,낮음,
500,easy keyboard song notes,중간,
500,easy keyboard songs with letters,높음,
500,easy la la land piano sheet music,높음,
500,easy lead sheets for piano,높음,
500,easy legend of zelda piano sheet music,높음,
500,easy letter easy fur elise piano,높음,
500,easy letter piano music,높음,
500,easy letter silent night piano,높음,
500,easy lord of the rings piano sheet music,높음,
500,easy mario piano sheet music,높음,
500,easy mary had a little lamb piano,높음,
500,easy megalovania piano sheet music,중간,
500,easy melodica songs,낮음,
500,easy mozart piano sheet music,높음,
500,easy music sheet for beginners in piano,높음,
500,easy notes to play on piano,높음,
500,easy ode to joy piano,높음,
500,easy on me adele piano,중간,
500,easy on me piano sheet,낮음,
500,easy on me piano sheet music,높음,
500,easy on me sheet music,높음,
500,easy phantom of the opera piano sheet music,높음,
500,easy piano amazing grace sheet music,높음,
500,easy piano arrangements,높음,
500,easy piano believer,중간,
500,easy piano chord sheet music,높음,
500,easy piano chords of river flows in you,낮음,
500,easy piano christmas songs pdf,중간,
500,easy piano christmas songs sheet music,높음,
500,easy piano duet sheet music,높음,
500,easy piano for beginners,높음,
500,easy piano game,낮음,
500,easy piano gospel songs,높음,
500,easy piano guitar duet,낮음,
500,easy piano happy birthday sheet music,높음,
500,easy piano happy birthday song,높음,
500,easy piano hymns,높음,
500,easy piano hymns for beginners,높음,
500,easy piano imagine,중간,
500,easy piano keys,중간,
500,easy piano keys for beginners,높음,
500,easy piano letter notes,높음,
500,easy piano mary had a little lamb,높음,
500,easy piano melodies,높음,
500,easy piano music for beginners,높음,
500,easy piano music for happy birthday,높음,
500,easy piano music pdf,중간,
500,easy piano music pop,높음,
500,easy piano music with letters,높음,
500,easy piano notes for hallelujah,높음,
500,easy piano notes for jingle bells,중간,
500,easy piano notes for tamil songs,낮음,
500,easy piano numbers,중간,
500,easy piano pdf sheet music,중간,
500,easy piano pieces for beginners,높음,
500,easy piano pieces for beginners pdf,높음,
500,easy piano pop sheet music,높음,
500,easy piano pop songs sheet music,높음,
500,easy piano sheet music beginner,높음,
500,easy piano sheet music book,높음,
500,easy piano sheet music for beginners with letters,높음,
500,easy piano sheet music for christmas songs,높음,
500,easy piano sheet music for fur elise,높음,
500,easy piano sheet music for popular songs,높음,
500,easy piano sheet music numbers,높음,
500,easy piano sheet music popular,높음,
500,easy piano sheet music twinkle twinkle little star,높음,
500,easy piano sheet music with letters christmas,높음,
500,easy piano sheet music with numbers,높음,
500,easy piano sheet pdf,중간,
500,easy piano sheet roblox,낮음,
500,easy piano solo,중간,
500,easy piano song letter notes,높음,
500,easy piano song notes with letters,높음,
500,easy piano song pdf,중간,
500,easy piano songbook,높음,
500,easy piano songs chords,낮음,
500,easy piano songs for beginners sheet music,높음,
500,easy piano songs rock,낮음,
500,easy piano songs sheet music free,높음,
500,easy piano star wars sheet music,높음,
500,easy piano the first noel,높음,
500,easy piano violin duets,중간,
500,easy piano waltz,낮음,
500,easy piano with letters,중간,
500,easy piano with numbers,중간,
500,easy piano you are my sunshine,높음,
500,easy pink panther piano,높음,
500,easy pink panther piano sheet music,높음,
500,easy pokemon piano sheet music,높음,
500,easy pop music sheet for piano,높음,
500,easy pop song chords piano,중간,
500,easy pop songs on piano chords,중간,
500,easy popular sheet music,높음,
500,easy roblox piano songs,낮음,
500,easy rudolph the red nosed reindeer piano,높음,
500,easy saxophone songs with letters,높음,
500,easy sheet music for beginners,높음,
500,easy sheet music for piano christmas songs,높음,
500,easy sheet music for silent night,높음,
500,easy sheet music jingle bells,높음,
500,easy sheet music silent night,높음,
500,easy sheet music songs,높음,
500,easy song notes,높음,
500,easy song to learn on piano for beginners,중간,
500,easy song to play on piano chords,중간,
500,easy song to play on piano notes,높음,
500,easy songs to play on piano sheet music,높음,
500,easy songs to play on piano with letters,높음,
500,easy songs to play on roblox piano,낮음,
500,easy star wars piano sheet music,높음,
500,easy tamil piano notes,낮음,
500,easy tamil song keyboard notes,낮음,
500,easy taylor swift piano songs,높음,
500,easy the entertainer sheet music,높음,
500,easy to play keyboard songs,높음,
500,easy to play on piano,높음,
500,easy to read music sheets for piano,높음,
500,easy to read piano sheet music,높음,
500,easy undertale piano sheet music,높음,
500,easy violin sheet music with letters,중간,
500,easy virtual piano,낮음,
500,easy virtual piano sheets,낮음,
500,easy worship chords piano,낮음,
500,easy worship song piano chords,중간,
500,easy xylophone songs with letters,낮음,
500,easy zelda piano sheet music,높음,
500,ed sheeran perfect easy piano,중간,
500,ed sheeran perfect piano notes,중간,
500,ed sheeran perfect piano notes easy,낮음,
500,edelweiss easy piano,높음,
500,edelweiss piano easy,높음,
500,edelweiss piano sheet music easy,높음,
500,egbdf notes,낮음,
500,eine kleine nachtmusik easy piano,중간,
500,eine kleine nachtmusik piano easy,중간,
500,eleanor rigby piano,낮음,
500,eleanor rigby sheet music piano,높음,
500,engagement party la la land piano sheet music,중간,
500,english song piano notes,낮음,
500,entertainer piano easy,높음,
500,erika piano notes easy,낮음,
500,erika piano sheet music easy,낮음,
500,every breath you take piano easy,중간,
500,f clef and g clef,낮음,
500,f on treble clef,낮음,
500,f treble clef,낮음,
500,faded easy piano sheet,높음,
500,faded easy piano sheet music,높음,
500,faded keyboard notes,낮음,
500,faded on keyboard notes,낮음,
500,faded on piano easy,낮음,
500,faded piano easy,낮음,
500,faded piano music sheet easy,높음,
500,faded piano notes easy,낮음,
500,faded piano notes with letters,낮음,
500,faded piano sheet easy,중간,
500,faded song keyboard notes,낮음,
500,fairytale of new york easy piano,중간,
500,fairytale of new york piano easy,중간,
500,fallen down piano easy,낮음,
500,fallen down piano notes letters,낮음,
500,faure pavane piano sheet music,높음,
500,feliz navidad easy piano,높음,
500,feliz navidad easy piano sheet music,높음,
500,final duet omori piano letters,낮음,
500,first 50 disney songs you should play on the piano,중간,
500,five nights at freddy's piano notes,낮음,
500,five nights at freddy's piano sheet music easy,낮음,
500,flight of the bumblebee piano easy,중간,
500,flute letter notes,낮음,
500,flute music sheets with letters,높음,
500,flute songs for beginners with letters,낮음,
500,fly me to the moon easy piano,높음,
500,fly me to the moon easy piano sheet music,높음,
500,fly me to the moon piano notes letters,낮음,
500,fly me to the moon piano sheet easy,중간,
500,fly me to the moon piano sheet music easy,높음,
500,fnaf 1 song piano notes letters,낮음,
500,fnaf theme piano,낮음,
500,for elise notes,높음,
500,for elise piano easy,높음,
500,for elise piano notes,높음,
500,free beginner piano sheet music for adults pdf,중간,
500,free beginner piano sheet music with letters,중간,
500,free christmas easy piano sheet music,높음,
500,free easy beginner piano sheet music,중간,
500,free easy piano sheet music pdf,낮음,
500,free intermediate piano sheet music,중간,
500,free keyboard music sheets with letters,낮음,
500,free keyboard sheet music,중간,
500,free midi files piano,낮음,
500,free pdf piano sheet music for beginners,낮음,
500,free piano sheet music for beginners printable,낮음,
500,free piano sheet music pdf for beginners,낮음,
500,free piano sheet music pdf for beginners with letters,낮음,
500,free popular piano sheet music,낮음,
500,free printable piano note chart,낮음,
500,free printable piano notes chart,낮음,
500,free printable piano sheet music for beginners,낮음,
500,free printable piano sheet music for beginners with letters,높음,
500,free printable sheet music for piano beginners,낮음,
500,free sheet music piano with letters,중간,
500,free sheet music reader,낮음,
500,free sheet music scanner,낮음,
500,free sheet music with letters,중간,
500,frosty the snowman easy piano,높음,
500,frozen piano easy,높음,
500,frozen sheet music easy piano,높음,
500,fun and easy piano sheet music,높음,
500,fur elise beginner,높음,
500,fur elise beginner notes,중간,
500,fur elise beginner sheet music,높음,
500,fur elise easy pdf,낮음,
500,fur elise easy piano chords,높음,
500,fur elise easy piano pdf,높음,
500,fur elise easy piano sheet music printable,높음,
500,fur elise easy sheet,중간,
500,fur elise easy sheet music with letters,높음,
500,fur elise in letters,높음,
500,fur elise key notes,중간,
500,fur elise keyboard chords,중간,
500,fur elise keyboard notes,중간,
500,fur elise note piano easy,높음,
500,fur elise note sheet with letters,높음,
500,fur elise notes easy,높음,
500,fur elise piano beginner,높음,
500,fur elise piano beginner sheet music,높음,
500,fur elise piano chords easy,높음,
500,fur elise piano chords letters,낮음,
500,fur elise piano easy letters,높음,
500,fur elise piano easy with letters,중간,
500,fur elise piano letters,높음,
500,fur elise piano music sheet with letters,높음,
500,fur elise piano notes beginner,높음,
500,fur elise piano notes easy,높음,
500,fur elise piano notes for beginners,높음,
500,fur elise piano sheet letters,높음,
500,fur elise piano sheet music beginner,높음,
500,fur elise piano sheet music letters,높음,
500,fur elise piano simple notes,높음,
500,fur elise sheet easy,중간,
500,fur elise sheet music notes,높음,
500,fur elise sheet music pdf with letters,높음,
500,fur elise sheet music piano with letters,높음,
500,fur elise sheet music with letters,높음,
500,fur elise sheet piano easy,낮음,
500,fur elise simple notes,높음,
500,für elise notes easy,높음,Y
500,für elise notes for beginners,중간,
500,für elise piano easy notes,높음,
500,für elise piano easy pdf,중간,
500,für elise piano easy with letters,중간,
500,für elise piano notes for beginners,높음,
500,für elise sheet music pdf with letters,높음,
500,g clef and f clef notes,낮음,
500,g in bass clef,낮음,
500,game of thrones piano letter notes,낮음,
500,game of thrones piano notes letters,낮음,
500,gclef staff,낮음,
500,giorno theme piano easy,낮음,
500,giorno theme piano notes letters,낮음,
500,giorno theme piano sheet easy,낮음,
500,god rest ye merry gentlemen easy piano,높음,
500,god rest ye merry gentlemen piano easy,높음,
500,godfather piano notes easy,중간,
500,golden hour easy piano sheet music,높음,
500,golden hour piano notes easy,낮음,
500,golden hour piano sheet easy,중간,
500,golden hour piano sheet music easy,높음,
500,good piano pieces for beginners,낮음,
500,good piano pieces to learn,낮음,
500,goodness of god piano sheet music easy,높음,
500,gravity falls easy piano,낮음,
500,gravity falls piano notes letters,낮음,
500,great balls of fire easy piano,중간,
500,greensleeves easy piano,높음,
500,greensleeves easy piano sheet music,높음,
500,greensleeves piano easy sheet music,높음,
500,guitar music staff,낮음,
500,guitar notes on treble clef,낮음,
500,hakuna matata easy piano,중간,
500,hakuna matata piano easy,중간,
500,hall of fame piano easy,낮음,
500,hallelujah keyboard notes,낮음,
500,hallelujah notes piano easy,높음,
500,hallelujah on piano letters,낮음,
500,hallelujah piano chords easy,중간,
500,hallelujah piano easy chords,중간,
500,hallelujah piano letter notes,중간,
500,hallelujah piano letters,낮음,
500,hallelujah piano notes easy,높음,
500,hallelujah piano notes letters,중간,
500,hallelujah piano sheet music easy,높음,
500,hallelujah piano with letters,낮음,
500,hallelujah sheet music easy,높음,
500,hallelujah simple piano sheet music,높음,
500,halloween piano easy,높음,
500,halloween piano sheet music easy,높음,
500,halloween theme piano easy,중간,
500,halloween theme piano notes letters,낮음,
500,hamienet midi,낮음,
500,hamilton easy piano sheet music,높음,
500,hamilton sheet music piano easy,높음,
500,happy birthday alto sax notes with letters,중간,
500,happy birthday beginner piano,높음,
500,happy birthday beginner piano sheet music,높음,
500,happy birthday easy piano sheet,높음,
500,happy birthday keyboard note,중간,
500,happy birthday letter notes,낮음,
500,happy birthday letter notes for piano,중간,
500,happy birthday melody piano,낮음,
500,happy birthday music piano,높음,
500,happy birthday notes piano letters,중간,
500,happy birthday piano chords letters,중간,
500,happy birthday piano easy sheet music,높음,
500,happy birthday piano letter notes,중간,
500,happy birthday piano notes for beginners,높음,
500,happy birthday piano notes in letters,중간,
500,happy birthday piano notes simple,높음,
500,happy birthday piano piece,중간,
500,happy birthday piano sheet easy,높음,
500,happy birthday piano sheet music beginner,높음,
500,happy birthday piano sheet music easy with letters,높음,
500,happy birthday piano tunes,낮음,
500,happy birthday simple piano notes,높음,
500,happy birthday song easy piano,높음,
500,happy birthday song in keyboard notes,낮음,
500,happy birthday song piano notes beginners,높음,
500,happy birthday to you in piano,중간,
500,happy birthday trumpet notes with letters,중간,
500,happy birthday violin notes letters,중간,
500,happy new year piano sheet easy,낮음,
500,happy piano sheet,높음,
500,hark the herald angels sing easy piano,높음,
500,harry potter beginner piano,높음,
500,harry potter easy piano notes,낮음,
500,harry potter easy piano sheet music,높음,
500,harry potter hedwig theme piano notes,낮음,
500,harry potter on keyboard notes,낮음,
500,harry potter piano beginner,높음,
500,harry potter piano easy letters,낮음,
500,harry potter piano easy notes,낮음,
500,harry potter piano for beginners,높음,
500,harry potter piano letter notes,낮음,
500,harry potter piano letters,낮음,
500,harry potter piano notes easy,낮음,
500,harry potter piano notes in letters,낮음,
500,harry potter piano sheet music letters,낮음,
500,harry potter piano sheet music with letters,낮음,
500,harry potter piano songs,낮음,
500,harry potter piano with letters,낮음,
500,harry potter song in piano,낮음,
500,harry potter song on piano notes,낮음,
500,harry potter theme easy piano,높음,
500,harry potter theme keyboard notes,낮음,
500,harry potter theme music piano notes,낮음,
500,harry potter theme piano sheet music easy,높음,
500,harry potter theme song easy piano,중간,
500,harry potter theme song keyboard notes,낮음,
500,harry potter theme song piano letter notes,낮음,
500,harry potter theme song piano letters,낮음,
500,harry potter theme song piano notes,낮음,
500,harry potter theme song piano notes letters,낮음,
500,harry potter theme song piano notes with letters,낮음,
500,harry potter theme song piano with letters,낮음,
500,harry potter theme tune keyboard notes,낮음,
500,harry potter theme tune piano letters,낮음,
500,harry's wondrous world piano,낮음,
500,havana piano easy,중간,
500,he's a pirate easy piano,중간,
500,he's a pirate easy piano sheet music,높음,
500,he's a pirate sheet music easy,높음,
500,head shoulders knees and toes piano notes,중간,
500,heart and soul easy piano sheet music,높음,
500,heart and soul piano letter notes,중간,
500,heart and soul piano notes letters,중간,
500,heart and soul piano notes with letters,중간,
500,hedwig's theme easy piano sheet music,높음,
500,hedwig's theme piano letters,낮음,
500,hedwig's theme piano with letters,낮음,
500,here comes the sun easy piano,높음,
500,here comes the sun piano easy,높음,
500,hey jude piano easy,높음,
500,hey there delilah notes piano,낮음,
500,hey there delilah piano,낮음,
500,high bass clef notes,낮음,
500,high treble clef notes,낮음,
500,hindi songs on piano for beginners,낮음,
500,hindi songs piano notes easy,낮음,
500,hit the road jack easy piano,중간,
500,hit the road jack piano easy,중간,
500,house of the rising sun easy piano,높음,
500,house of the rising sun piano easy,높음,
500,how do you read music notes for guitar,중간,
500,how do you read musical notes,중간,
500,how to learn how to read piano music,높음,
500,how to learn music notes for piano,중간,
500,how to learn piano notes,중간,
500,how to learn piano sheet,중간,
500,how to learn sheet music piano,중간,
500,how to learn to read music piano,높음,
500,how to learn to read sheet music for piano,중간,
500,how to play guitar from sheet music,낮음,
500,how to read a lead sheet,낮음,
500,how to read a musical note,중간,
500,how to read a musical score,중간,
500,how to read a piano keyboard,높음,
500,how to read a piano keys,높음,
500,how to read accordion sheet music,낮음,
500,how to read alto sax sheet music,낮음,
500,how to read alto saxophone sheet music,낮음,
500,how to read bass clef for piano,높음,
500,how to read bass clef piano,높음,
500,how to read bass clef sheet music,낮음,
500,how to read bass guitar sheet music,낮음,
500,how to read bass music notes,낮음,
500,how to read bass sheet music,낮음,
500,how to read cello sheet music,낮음,
500,how to read choir sheet music,낮음,
500,how to read chords in sheet music,낮음,
500,how to read clarinet sheet music,낮음,
500,how to read drum notes for beginners,낮음,
500,how to read drum sheet music pdf,낮음,
500,how to read electric guitar sheet music,낮음,
500,how to read flute sheet music,낮음,
500,how to read guitar chords on sheet music,중간,
500,how to read guitar sheets,중간,
500,how to read guzheng sheet music,낮음,
500,how to read keyboard sheet music,낮음,
500,how to read left hand notes on piano,높음,
500,how to read left hand piano,중간,
500,how to read left hand piano notes,높음,
500,how to read music for piano beginners,높음,
500,how to read music notation for guitar,중간,
500,how to read music notes bass clef,낮음,
500,how to read music notes for bass guitar,낮음,
500,how to read music notes for beginners,높음,
500,how to read music notes for guitar,중간,
500,how to read music notes for keyboard,중간,
500,how to read music notes for piano beginners,높음,
500,how to read music notes for singing,낮음,
500,how to read music notes pdf,중간,
500,how to read music staff,낮음,
500,how to read musical notation,중간,
500,how to read musical notes,중간,
500,how to read musical sheet,중간,
500,how to read notes in violin,중간,
500,how to read percussion music notes,낮음,
500,how to read percussion sheet music,낮음,
500,how to read piano bass clef,높음,
500,how to read piano keys,높음,
500,how to read piano notes for beginners,높음,
500,how to read piano sheet music for beginners,중간,
500,how to read piano sheet music pdf,중간,
500,how to read piano sheets for beginners,높음,
500,how to read piano sheets pdf,중간,
500,how to read piano tablature,낮음,
500,how to read piano tabs,낮음,
500,how to read sax sheet music,낮음,
500,how to read sharps and flats in sheet music,낮음,
500,how to read sharps and flats on sheet music,낮음,
500,how to read sheet,낮음,
500,how to read sheet music bass,낮음,
500,how to read sheet music bass guitar,낮음,
500,how to read sheet music chords,낮음,
500,how to read sheet music fast,낮음,
500,how to read sheet music for accordion,낮음,
500,how to read sheet music for alto sax,낮음,
500,how to read sheet music for beginners,낮음,
500,how to read sheet music for choir,낮음,
500,how to read sheet music for drum set,낮음,
500,how to read sheet music for singing,낮음,
500,how to read sheet music for snare drum,낮음,
500,how to read sheet music for viola,낮음,
500,how to read sheet music for vocals,낮음,
500,how to read sheet music quickly,낮음,
500,how to read sheet music saxophone,낮음,
500,how to read sheet music singing,낮음,
500,how to read sheet music ukulele,낮음,
500,how to read snare drum sheet music,낮음,
500,how to read snare sheet music,낮음,
500,how to read staff notation,낮음,
500,how to read staff notation for guitar,중간,
500,how to read tabs for piano,낮음,
500,how to read the piano keys,높음,
500,how to read trumpet sheet music,낮음,
500,how to read ukulele sheet music,낮음,
500,how to read viola sheet music,낮음,
500,how to understand music sheets,낮음,
500,how to understand piano notes,낮음,
500,how to understand piano sheet music,낮음,
500,how to understand piano sheets,낮음,
500,how to understand sheet music,낮음,
500,howl's moving castle easy piano,높음,
500,howl's moving castle piano easy,중간,
500,howl's moving castle piano sheet easy,중간,
500,i see the light easy piano sheet music,높음,
500,i see the light piano notes letters,낮음,
500,i see the light piano sheet easy,중간,
500,imagine easy piano sheet music,높음,
500,imagine piano chords easy,높음,
500,imperial march easy piano sheet music,높음,
500,imperial march piano notes letters,낮음,
500,in the hall of the mountain king easy piano,높음,
500,in the hall of the mountain king piano easy,높음,
500,inside out theme piano letter notes,낮음,
500,interstellar easy piano sheet music,높음,
500,interstellar piano notes easy,낮음,
500,interstellar piano notes letters,낮음,
500,interstellar piano sheet easy,중간,
500,interstellar piano sheet music easy,높음,
500,ipad for sheet music reading,낮음,
500,ipad sheet music reader,낮음,
500,itsy bitsy spider piano easy,높음,
500,jazz piano beginner pdf,중간,
500,jazz piano chord chart,중간,
500,jazz piano easy sheet music,높음,
500,je te laisserai des mots piano sheet music easy,높음,
500,je te laisserai des mots piano sheet music with letters,높음,
500,jesus loves me easy piano,높음,
500,jesus loves me piano notes letters,중간,
500,jingle bell letter,중간,
500,jingle bell letter notes,높음,
500,jingle bell notes for piano beginners,중간,
500,jingle bell piano beginner,높음,
500,jingle bell piano easy,높음,
500,jingle bell piano sheet easy,중간,
500,jingle bell rock easy piano,높음,
500,jingle bell rock note piano,높음,
500,jingle bell rock piano letter notes,높음,
500,jingle bell rock piano notes letters,높음,
500,jingle bell rock piano sheet music easy,높음,
500,jingle bell song keyboard notes,중간,
500,jingle bells beginner piano sheet music,높음,
500,jingle bells beginner sheet music,높음,
500,jingle bells chords piano easy,중간,
500,jingle bells clarinet notes with letters,중간,
500,jingle bells easy music sheet,높음,
500,jingle bells easy piano notes,중간,
500,jingle bells flute notes with letters,낮음,
500,jingle bells full song piano notes,중간,
500,jingle bells in piano letters,중간,
500,jingle bells letter notes for violin,낮음,
500,jingle bells letter piano,중간,
500,jingle bells music sheet easy,높음,
500,jingle bells music sheet with letters,높음,
500,jingle bells notes simple,중간,
500,jingle bells notes with letters,높음,
500,jingle bells on piano beginner,높음,
500,jingle bells on piano keys,높음,
500,jingle bells on the piano for beginners,높음,
500,jingle bells piano beginner,높음,
500,jingle bells piano chords easy,중간,
500,jingle bells piano letter notes,중간,
500,jingle bells piano letter sheet,높음,
500,jingle bells piano letters,중간,
500,jingle bells piano letters sheet,높음,
500,jingle bells piano music for beginners,높음,
500,jingle bells piano sheet easy,높음,
500,jingle bells piano sheet music beginner,높음,
500,jingle bells piano sheet music easy with letters,높음,
500,jingle bells piano sheet with letters,높음,
500,jingle bells piano simple,높음,
500,jingle bells sheet music beginner,높음,
500,jingle bells sheet music easy,높음,
500,jingle bells sheet music for piano beginners,높음,
500,jingle bells sheet music letters,높음,
500,jingle bells simple sheet music,높음,
500,jingle bells song notes on keyboard,중간,
500,jingle bells violin notes with letters,낮음,
500,jingle piano,낮음,
500,joy to the world easy piano,높음,
500,joy to the world notes for piano,중간,
500,joy to the world piano notes with letters,중간,
500,joy to the world piano sheet music easy,높음,
500,jurassic park easy piano,높음,
500,jurassic park theme piano easy,높음,
500,jurassic park theme piano notes letters,낮음,
500,jurassic park theme song piano easy,중간,
500,just the way you are piano easy,중간,
500,kalimba note easy,낮음,
500,kalimba notes easy,낮음,
500,kalimba notes for beginners,낮음,
500,kalimba sheet music easy,중간,
500,kara sevda piano notes letters,낮음,
500,keyboard easy songs with letters,높음,
500,keyboard music letters,높음,
500,keyboard note chart,높음,
500,keyboard note letters,높음,
500,keyboard notes for beginners tamil songs,낮음,
500,keyboard notes for faded,낮음,
500,keyboard notes for mary had a little lamb,낮음,
500,keyboard notes for simple songs,중간,
500,keyboard notes for thousand years,낮음,
500,keyboard notes in letters,높음,
500,keyboard sheet music with letters,높음,
500,keyboard song notes for beginners,높음,
500,keyboard songs in letters,중간,
500,keyboard songs with letters,중간,
500,keyboard songs with letters easy,높음,
500,kiss the rain easy piano,중간,
500,kiss the rain easy piano sheet,중간,
500,kiss the rain sheet music easy,중간,
500,kiss the rain simple piano sheet,중간,
500,kod piano happy birthday,낮음,
500,l theme piano notes letters,낮음,
500,la campanella easy piano,낮음,
500,la campanella piano sheet easy,낮음,
500,la la land piano easy,중간,
500,la la land piano easy sheet music,높음,
500,la la land piano notes with letters,중간,
500,la vie en rose easy piano sheet music,높음,
500,la vie en rose piano easy,높음,
500,labeled music staff,높음,
500,labeled treble clef,중간,
500,labeling piano keys for beginners,높음,
500,last christmas easy piano sheet music,높음,
500,last christmas piano letters,낮음,
500,last christmas piano notes letters,중간,
500,last christmas piano sheet easy,중간,
500,last christmas piano sheet music easy,높음,
500,lean on me easy piano sheet music,높음,
500,lean on me piano letter notes,중간,
500,lean on me piano notes,높음,
500,lean on me piano notes with letters,중간,
500,learn musical notation,중간,
500,learn piano sheet music,높음,
500,learn piano sheets,중간,
500,learn piano song,중간,
500,learn sheet music,중간,
500,learn the piano keys,높음,
500,learn to play piano with chords,높음,
500,learn to read piano music,높음,
500,learn to read piano notes,높음,
500,learn to read sheet music piano,높음,
500,learning piano pdf,낮음,
500,learning to read guitar sheet music,높음,
500,learning to read music for beginners,높음,
500,learning to read music for piano,높음,
500,learning to read piano music for beginners,높음,
500,leaving hogwarts sheet music,낮음,
500,ledger line notes treble clef,낮음,
500,ledger lines bass and treble clef,낮음,
500,left and right hand piano notes,높음,
500,left hand notes on piano chart,높음,
500,left hand piano notes for beginners,높음,
500,legend of zelda easy piano,중간,
500,let her go easy piano,낮음,
500,let it be easy piano sheet music free,낮음,
500,let it be easy sheet music,높음,
500,let it be piano easy sheet music,높음,
500,let it be piano notes easy,중간,
500,let it be piano notes letters,낮음,
500,let it be piano sheet easy,높음,
500,let it be piano sheet music easy,높음,
500,let it go easy piano chords,중간,
500,let it go easy piano notes,중간,
500,let it go piano notes easy letters,낮음,
500,let it go piano notes with letters,낮음,
500,let it go piano with letters,낮음,
500,letter beginner easy worship songs piano sheet music,높음,
500,letter chords piano,높음,
500,letter disney easy piano songs,높음,
500,letter hallelujah piano easy,높음,
500,letter hedwig's theme piano,중간,
500,letter notation sheet music,높음,
500,letter note sheet music,높음,
500,letter note songs,낮음,
500,letter notes for heart and soul on piano,중간,
500,letter notes for mary had a little lamb,중간,
500,letter notes for moonlight sonata,중간,
500,letter notes for silent night on piano,중간,
500,letter notes for twinkle twinkle little star,중간,
500,letters for jingle bells on piano,중간,
500,level 1 piano sheet music,높음,
500,lewis capaldi someone you loved piano,높음,
500,line notes in treble clef,낮음,
500,line notes treble clef,낮음,
500,lines of a treble clef,낮음,
500,lines of the treble clef,낮음,
500,lines on a treble clef,낮음,
500,linus and lucy easy piano,높음,
500,linus and lucy piano sheet music easy,높음,
500,linus and lucy sheet music easy,높음,
500,linus and lucy sheet music easy piano,높음,
500,little star piano,낮음,
500,london bridge piano notes letters,낮음,
500,lord of the rings piano sheet music easy,높음,
500,lord of the rings sheet music piano easy,높음,
500,love story easy piano,중간,
500,love story easy piano sheet music,높음,
500,love story piano easy,중간,
500,love story piano letters,낮음,
500,love story piano notes easy,낮음,
500,love story piano notes letters,낮음,
500,love story piano sheet easy,낮음,
500,love story piano sheet music easy,높음,
500,lovely billie eilish piano notes letters,낮음,
500,low notes on treble clef,낮음,
500,lower clef in music,낮음,
500,luv letter piano sheet,낮음,
500,mad world easy piano,중간,
500,mad world notes for piano,높음,
500,major scales piano chart,높음,
500,mamma mia piano easy,높음,
500,mamma mia piano sheet music easy,높음,
500,maple leaf rag easy piano,높음,
500,maple leaf rag midi,낮음,
500,mariage d amour piano sheet easy,중간,
500,mario theme easy piano,중간,
500,mario theme piano letters,낮음,
500,mario theme song easy piano,중간,
500,mario theme song piano letters,낮음,
500,married life easy piano,중간,
500,married life piano letter notes,낮음,
500,married life piano letters,낮음,
500,married life piano notes letters,낮음,
500,married life piano sheet music easy,높음,
500,mary did you know easy piano sheet music,높음,
500,mary did you know piano easy,높음,
500,mary had a little lamb flute notes with letters,낮음,
500,mary had a little lamb letter notes,중간,
500,mary had a little lamb letter notes for recorder,낮음,
500,mary had a little lamb piano beginner,높음,
500,mary had a little lamb piano easy,높음,
500,mary had a little lamb piano letter,높음,
500,mary had a little lamb piano notes for beginners,높음,
500,megalovania easy piano sheet music,중간,
500,megalovania easy sheet music,높음,
500,megalovania keyboard notes,낮음,
500,megalovania piano easy sheet music,중간,
500,megalovania piano letter notes,낮음,
500,megalovania piano letters,낮음,
500,megalovania piano notes easy,낮음,
500,megalovania piano notes letters,낮음,
500,megalovania piano sheet music easy,중간,
500,megalovania sheet music easy,높음,
500,megalovania sheet music piano easy,중간,
500,melodica notes for beginners,중간,
500,memories piano easy,낮음,
500,merry christmas easy piano,높음,
500,merry christmas mr lawrence piano sheet easy,중간,
500,merry christmas notes piano,중간,
500,merry christmas piano easy,높음,
500,merry go round of life easy piano,높음,
500,merry go round of life piano easy,중간,
500,merry go round of life piano sheet easy,중간,
500,mia and sebastian's theme easy piano,높음,
500,michael myers piano notes easy,낮음,
500,michael myers theme song piano notes easy,낮음,
500,midi file to sheet music,낮음,
500,midi score,낮음,
500,midi sheet,낮음,
500,midi sheet music converter,낮음,
500,midi to musescore,낮음,
500,midi to music notation,낮음,
500,midi to score converter,낮음,
500,midi to sheet music online,낮음,
500,midi to virtual piano sheet,낮음,
500,midisheetmusic,낮음,
500,million dreams piano easy,높음,
500,million dreams piano sheet music easy,높음,
500,minecraft easy piano,낮음,
500,minecraft easy piano sheet music,높음,
500,minecraft piano sheet music easy,높음,
500,minecraft song piano easy,낮음,
500,minecraft theme song piano notes letters,낮음,
500,mission impossible piano notes letters,낮음,
500,moana how far i ll go piano notes letters,중간,
500,moon river piano easy,높음,
500,moon river piano sheet easy,높음,
500,moonlight sonata 1st movement piano sheet,낮음,
500,moonlight sonata 1st movement sheet,낮음,
500,moonlight sonata beginner piano,높음,
500,moonlight sonata for beginners sheet music,높음,
500,moonlight sonata piano keys,낮음,
500,moonlight sonata piano letter notes,중간,
500,moonlight sonata piano letters,낮음,
500,moonlight sonata piano notes letters,중간,
500,moonlight sonata piano sheet music for beginners,높음,
500,moonlight sonata piano sheet music with letters,높음,
500,moonlight sonata sheet music beginner,높음,
500,moonlight sonata sheet music letters,높음,
500,moonlight sonata sheet music with letters,높음,
500,morning mood piano sheet music easy,중간,
500,mozart easy piano,높음,
500,mozart easy piano pieces,높음,
500,mozart piano notes easy,중간,
500,mr sandman piano easy,중간,
500,musescore midi,낮음,
500,musescore midi download,낮음,
500,musescore pdf to midi,낮음,
500,musescore sheet music to midi,낮음,
500,music abc notation,낮음,
500,music bass clef,낮음,
500,music clef note,높음,
500,music clefs and notes,높음,
500,music note reading app,낮음,
500,music note scanner,낮음,
500,music note to letter converter,낮음,
500,music notes chart for beginners,높음,
500,music notes letters converter,낮음,
500,music notes piano keys,높음,
500,music on piano with letters,높음,
500,music reading practice sheets,중간,
500,music scanner app,낮음,
500,music scanning software,낮음,
500,music score reader app,낮음,
500,music sheet do re mi,중간,
500,music sheet keyboard with letters,높음,
500,music sheet letter notes,높음,
500,music sheet name,낮음,
500,music sheet reader online,낮음,
500,music sheet simple,높음,
500,music sheet treble clef,높음,
500,music staff with g clef,낮음,
500,music treble clef,낮음,
500,music with letters for piano,높음,
500,musical letter notes,중간,
500,musical notes for beginners,높음,
500,musical notes to letters,중간,
500,musical staff with g clef,낮음,
500,my heart will go on piano easy,높음,
500,my heart will go on piano letter notes,낮음,
500,my heart will go on piano letters,낮음,
500,my heart will go on piano sheet easy,높음,
500,my heart will go on piano sheet music easy,높음,
500,my immortal easy piano,중간,
500,my way easy piano,낮음,
500,my way piano sheet music easy,중간,
500,names of notes on sheet music,높음,
500,naruto blue bird piano,낮음,
500,naruto blue bird piano sheet,낮음,
500,naruto blue bird sheet music,낮음,
500,newzik app,낮음,
500,nocturne op 9 no 2 easy sheet music,높음,
500,nocturne op 9 no 2 sheet music easy,높음,
500,note happy birthday pianika,낮음,
500,note jingle bell piano,낮음,
500,note naming sheets,낮음,
500,note reading treble clef,중간,
500,notes above and below the staff,낮음,
500,notes above bass clef,낮음,
500,notes above the staff treble clef,낮음,
500,notes above the treble clef,낮음,
500,notes below staff treble clef,중간,
500,notes below the stave,낮음,
500,notes below the treble clef,낮음,
500,notes for beethoven fur elise on piano,중간,
500,notes for fur elise easy,높음,
500,notes fur elise piano beginner,높음,
500,notes on a treble staff,중간,
500,notes on staff treble clef,높음,
500,notes on the treble stave,중간,
500,notes to play happy birthday on piano,높음,
500,nothing else matters piano easy,중간,
500,november rain piano easy,중간,
500,nursery rhyme piano notes,높음,
500,nutcracker easy piano,높음,
500,o christmas tree easy piano,높음,
500,o christmas tree piano easy,높음,
500,o holy night easy piano,높음,
500,o holy night easy piano sheet music,높음,
500,o holy night piano easy,높음,
500,ocean eyes easy piano,높음,
500,ode to joy beginner piano,높음,
500,ode to joy beginner piano sheet music,높음,
500,ode to joy beginner sheet music,높음,
500,ode to joy easy piano sheet music,높음,
500,ode to joy easy sheet music,높음,
500,ode to joy keyboard notes,중간,
500,ode to joy letter notes,중간,
500,ode to joy letter notes piano,중간,
500,ode to joy letters piano,높음,
500,ode to joy music sheet with letters,높음,
500,ode to joy notes with letters,중간,
500,ode to joy on piano letters,높음,
500,ode to joy piano beginner,높음,
500,ode to joy piano easy sheet music,높음,
500,ode to joy piano letter notes,중간,
500,ode to joy piano notes for beginners,중간,
500,ode to joy piano sheet with letters,높음,
500,ode to joy sheet music beginner,높음,
500,ode to joy sheet music easy,높음,
500,ode to joy simple piano,높음,
500,ode to joy simple sheet music,높음,
500,ode to joy with letters,중간,
500,oh holy night easy piano,높음,
500,oh holy night piano easy,높음,
500,old macdonald easy piano,높음,
500,on my own les miserables piano,낮음,
500,once upon a december easy piano,중간,
500,once upon a december piano sheet music easy,높음,
500,one hand easy piano songs,높음,
500,one hand easy piano songs with letters,높음,
500,one piece piano easy,낮음,
500,over the rainbow easy piano,높음,
500,over the rainbow piano sheet music easy,높음,
500,pachelbel canon easy piano,높음,
500,pachelbel canon in d easy piano,높음,
500,passacaglia piano sheet music easy,높음,
500,paw patrol piano notes letters,낮음,
500,pdf sheet music reader,낮음,
500,pdf sheet music to midi,낮음,
500,pdf to midi musescore,낮음,
500,perfect easy piano sheet,중간,
500,perfect easy piano sheet music,중간,
500,perfect ed sheeran easy piano,중간,
500,perfect ed sheeran piano easy,중간,
500,perfect ed sheeran piano notes easy,낮음,
500,perfect ed sheeran piano notes with letters,낮음,
500,perfect ed sheeran piano sheet easy,중간,
500,perfect on piano easy,낮음,
500,perfect piano easy,낮음,
500,perfect piano sheet music easy,중간,
500,phantom of the opera piano easy,높음,
500,phantom of the opera piano sheet music easy,높음,
500,piano 4 hands easy,중간,
500,piano abcdefg,중간,
500,piano bass and treble clef notes,높음,
500,piano birthday song,중간,
500,piano book beginner pdf,중간,
500,piano book for adults beginners pdf,높음,
500,piano book for beginners pdf,중간,
500,piano chord notation,중간,
500,piano chord notes chart,높음,
500,piano chord sheet music,높음,
500,piano chords for beginners with letters,중간,
500,piano chords letters all of me,중간,
500,piano clef notes,높음,
500,piano duet sheet music for beginners,높음,
500,piano easy letters,중간,
500,piano finger exercises for beginners pdf,중간,
500,piano for beginners pdf,낮음,
500,piano happy birthday to you,중간,
500,piano how to read sheet music,중간,
500,piano hymns for beginners,높음,
500,piano key note layout,높음,
500,piano key notes chart,높음,
500,piano key number chart,높음,
500,piano keyboard note layout,높음,
500,piano keys chart 88 keys,낮음,
500,piano keys for fur elise in letters,높음,
500,piano keys treble clef,중간,
500,piano lesson notes for beginners,높음,
500,piano lessons songs,낮음,
500,piano letter notes easy songs,높음,
500,piano letter notes for happy birthday,중간,
500,piano letter notes for silent night,중간,
500,piano letters 36 keys,높음,
500,piano letters and numbers,높음,
500,piano letters for silent night,낮음,
500,piano letters for twinkle twinkle little star,중간,
500,piano lyrics for beginners,중간,
500,piano man piano letters,낮음,
500,piano man piano notes letters,중간,
500,piano man piano sheet music easy,높음,
500,piano man sheet music easy,높음,
500,piano music for adult beginners,높음,
500,piano music for beginners with letters,높음,
500,piano music notes chart,높음,
500,piano music notes names,중간,
500,piano music sheets popular songs,중간,
500,piano music simple,높음,
500,piano note reading practice,중간,
500,piano notes beauty and the beast,중간,
500,piano notes beginner songs,높음,
500,piano notes beginners pdf,중간,
500,piano notes chart 88 keys,높음,
500,piano notes chart for beginners,높음,
500,piano notes chart left hand,높음,
500,piano notes chart with letters,높음,
500,piano notes easy letters,높음,
500,piano notes for abc song,중간,
500,piano notes for beauty and the beast,중간,
500,piano notes for famous songs,높음,
500,piano notes for happy birthday for beginners,높음,
500,piano notes for hindi songs for beginners,낮음,
500,piano notes for silent night with letters,중간,
500,piano notes for tamil songs for beginners,낮음,
500,piano notes jingle bell rock,높음,
500,piano notes learn to read music,높음,
500,piano notes letters easy,중간,
500,piano notes pdf beginners,중간,
500,piano notes songs with letters,높음,
500,piano notes treble,높음,
500,piano notes treble clef and bass clef,높음,
500,piano notes with letters and numbers,높음,
500,piano numbers and letters,높음,
500,piano octave chart,높음,
500,piano pdf for beginners,낮음,
500,piano pieces for beginners pdf,높음,
500,piano pieces to learn,낮음,
500,piano roblox sheets easy,낮음,
500,piano scale cheat sheet,높음,
500,piano scale fingering chart,중간,
500,piano scales for beginners pdf,높음,
500,piano scales sheet,낮음,
500,piano sharps and flats chart,높음,
500,piano sheet music easy pdf,중간,
500,piano sheet music for beginners happy birthday,높음,
500,piano sheet music for beginners twinkle twinkle little star,높음,
500,piano sheet music for beginners with letters,높음,
500,piano sheet music jingle bells beginner,높음,
500,piano sheet music labeled,중간,
500,piano sheet music notes labeled,높음,
500,piano sheet music silent night for beginners,높음,
500,piano sheet music tutorial,낮음,
500,piano sheet music with letters free,중간,
500,piano sheet music with letters pdf,높음,
500,piano sheet note chart,높음,
500,piano sheet notes with letters,높음,
500,piano sheet roblox easy,낮음,
500,piano songs for beginners letters,높음,
500,piano songs for beginners notes,높음,
500,piano songs for beginners with letters,높음,
500,piano songs to play easy,높음,
500,piano songs with one hand,중간,
500,piano symbols chart,중간,
500,piano treble clef,중간,
500,piano treble clef and bass clef,높음,
500,piano treble notes,높음,
500,piano violin duet for beginners,중간,
500,pink panther easy piano,높음,
500,pink panther piano letter notes,낮음,
500,pink panther piano notes with letters,낮음,
500,pirates caribbean theme song piano notes,낮음,
500,pirates of caribbean piano easy,중간,
500,pirates of caribbean piano notes,낮음,
500,pirates of caribbean theme song piano notes,낮음,
500,pirates of the caribbean easy sheet music,높음,
500,pirates of the caribbean piano letters,낮음,
500,pirates of the caribbean piano notes easy,낮음,
500,pirates of the caribbean piano notes letters,낮음,
500,pirates of the caribbean piano sheet easy,중간,
500,pirates of the caribbean piano sheet music easy,높음,
500,pirates of the caribbean piano sheet music easy with letters,중간,
500,pirates of the caribbean piano sheet music letters,중간,
500,pirates of the caribbean piano sheet music with letters,중간,
500,pirates of the caribbean sheet music piano easy,높음,
500,pirates of the caribbean theme music piano notes,낮음,
500,pirates of the caribbean theme piano easy,중간,
500,pirates of the caribbean theme piano notes,낮음,
500,pirates of the caribbean theme song keyboard notes,낮음,
500,pirates of the caribbean theme song piano easy,중간,
500,pirates of the caribbean theme tune piano notes,낮음,
500,play a note on piano,낮음,
500,play fur elise piano,낮음,
500,play jingle bells on piano,중간,
500,play scanned sheet music,중간,
500,play that song on the piano,낮음,
500,play twinkle twinkle little star on the piano,중간,
500,play twinkle twinkle little star piano,중간,
500,pokemon piano easy,중간,
500,pokemon piano sheet music easy,높음,
500,pokemon theme easy piano,중간,
500,pop easy keyboard songs with letters,중간,
500,pop songs to learn on piano,낮음,
500,popular piano sheet music for beginners,높음,
500,por una cabeza piano sheet easy,높음,
500,practice keyboard & note chart for behind the piano keys,낮음,
500,practice piano sheet music,중간,
500,practice reading music notes piano,중간,
500,practice reading piano notes,중간,
500,prelude in c major sheet music with letters,높음,
500,printable piano keyboard layout,높음,
500,printable piano keyboard note chart,높음,
500,printable treble and bass clef notes,높음,
500,pure imagination piano easy,높음,
500,read drum music,중간,
500,read guitar music notes,중간,
500,read notes on sheet music,높음,
500,read sheet music violin,낮음,
500,read treble clef,낮음,
500,read treble clef notes,중간,
500,read violin music,중간,
500,read violin notes,중간,
500,reading drum music notes,낮음,
500,reading drum sheet music,낮음,
500,reading guitar sheet music,중간,
500,reading music for guitar,높음,
500,reading musical notation,중간,
500,reading musical notes,중간,
500,reading piano music for beginners,높음,
500,reading piano sheet music for beginners,높음,
500,recorder music sheet with letters,높음,
500,recorder song notes with letters,낮음,
500,recorder songs letters,낮음,
500,red swan piano notes,낮음,
500,red swan piano sheet music,낮음,
500,remember me piano sheet music easy,높음,
500,rewrite the stars easy piano,높음,
500,rewrite the stars piano easy,낮음,
500,right here waiting piano sheet easy,높음,
500,riptide easy piano,낮음,
500,riptide piano sheet music easy,중간,
500,river flows in you keyboard notes,낮음,
500,river flows in you letter notes piano,낮음,
500,river flows in you notes in letters,낮음,
500,river flows in you notes with letters,낮음,
500,river flows in you piano keys letters,낮음,
500,river flows in you piano letters,낮음,
500,river flows in you piano notes letters,낮음,
500,river flows in you piano notes with letters,낮음,
500,river flows in you piano sheet letters,중간,
500,river flows in you piano sheet music with letters,중간,
500,river flows in you piano sheet with letters,중간,
500,river flows in you piano with letters,낮음,
500,river flows in you sheet music easy,높음,
500,river flows in you sheet music letters,중간,
500,river flows in you sheet music with letters,중간,
500,roblox piano easy,낮음,
500,roblox piano easy songs,낮음,
500,roblox piano notes easy,낮음,
500,roblox sheet piano easy,낮음,
500,rockin around the christmas tree easy piano,높음,
500,rockin around the christmas tree piano easy,높음,
500,rudolph piano sheet music easy,높음,
500,rudolph the red nosed reindeer piano easy,높음,
500,rudolph the red nosed reindeer piano notes letters,낮음,
500,rudolph the red nosed reindeer piano sheet music easy,높음,
500,runaway kanye west piano easy,낮음,
500,runaway kanye west piano letters,낮음,
500,runaway piano letters,낮음,
500,runaway piano notes easy,낮음,
500,runaway piano sheet music easy,중간,
500,runaway piano sheet music letters,낮음,
500,rush e easy piano,중간,
500,rush e easy piano sheet,중간,
500,rush e easy piano sheet music,높음,
500,rush e letter notes,낮음,
500,rush e midi file,낮음,
500,rush e notes easy,낮음,
500,rush e on piano easy,낮음,
500,rush e piano letter notes,낮음,
500,rush e piano letters,낮음,
500,rush e piano midi,낮음,
500,rush e piano notes easy,낮음,
500,rush e piano notes letters,낮음,
500,rush e piano sheet easy,낮음,
500,rush e piano sheet music easy,높음,
500,rush e piano sheet music letters,낮음,
500,rush e roblox piano sheet easy,낮음,
500,rush e sheet music easy,높음,
500,rush e sheet music letters,낮음,
500,sad songs on piano easy,낮음,
500,santa claus is coming to town easy piano,높음,
500,scan music sheet and play,중간,
500,scan sheet music and play,중간,
500,scarborough fair easy piano,높음,
500,scientist piano easy,중간,
500,score to midi,낮음,
500,see you again notes piano letters,낮음,
500,see you again on piano easy,중간,
500,see you again piano letter notes,낮음,
500,see you again piano notes letters,낮음,
500,see you again piano notes with letters,낮음,
500,set fire to the rain piano easy,낮음,
500,seven nation army piano notes letters,낮음,
500,seven nation army piano sheet music easy,높음,
500,shallow easy piano,중간,
500,sheet music clef,중간,
500,sheet music for beginners piano free printable,낮음,
500,sheet music for easy songs,높음,
500,sheet music for jingle bells with letters,높음,
500,sheet music for simple songs,높음,
500,sheet music midi converter,낮음,
500,sheet music note guide,중간,
500,sheet music notes treble clef,높음,
500,sheet music reader app,낮음,Y
500,sheet music reader for ipad,낮음,
500,sheet music reader online free,낮음,
500,sheet music reading practice,중간,
500,sheet music scanner and player,중간,
500,sheet music scanner free,낮음,
500,sheet music simple,높음,
500,sheet music simple songs,높음,
500,sheet music to letter notes converter,낮음,
500,sheet music to midi converter,낮음,
500,sheet music viewer android,낮음,
500,sheet music viewer ipad,낮음,
500,sheet music with notes and letters,높음,
500,sheet music with notes labeled,높음,
500,sheet piano easy,낮음,
500,sheet to midi,낮음,
500,sign of the times easy piano,높음,
500,silent night beginner piano sheet music,높음,
500,silent night easy piano sheet music,높음,
500,silent night for beginner piano sheet music,높음,
500,silent night holy night keyboard notes,중간,
500,silent night keyboard notes,중간,
500,silent night letter notes piano,중간,
500,silent night letters piano,낮음,
500,silent night piano beginner sheet music,높음,
500,silent night piano chords easy,중간,
500,silent night piano easy sheet music,높음,
500,silent night piano for beginners,높음,
500,silent night piano music for beginners,높음,
500,silent night piano sheet music beginners,높음,
500,simple classical piano sheet music,높음,
500,simple happy birthday on piano,높음,
500,simple happy birthday piano notes,높음,
500,simple jingle bells piano,높음,
500,simple kalimba songs,낮음,
500,simple keyboard notes,중간,
500,simple keyboard notes for beginners,낮음,
500,simple keyboard notes for tamil songs,낮음,
500,simple man piano,낮음,
500,simple music notes for piano,높음,
500,simple note for piano,높음,
500,simple note piano,높음,
500,simple notes on piano,높음,
500,simple piano happy birthday,높음,
500,simple piano music for beginners,높음,
500,simple piano music with letters,높음,
500,simple piano notes for tamil songs,낮음,
500,simple piano notes tamil songs,낮음,
500,simple piano pieces for beginners,높음,
500,simple piano pieces pdf,낮음,
500,simple piano sheet music for beginners,높음,
500,simple piano sheet music pdf,중간,
500,simple piano sheet music popular songs,높음,
500,simple piano song notes,높음,
500,simple song notes,높음,
500,simple songs on keyboard,높음,
500,simply piano sheet music for beginners,높음,
500,sky full of stars easy piano sheet music,높음,
500,sky full of stars piano easy,중간,
500,sky full of stars piano sheet music easy,높음,
500,skyfall easy piano,낮음,
500,skyfall piano notes easy letters,낮음,
500,sleigh ride lead sheet,높음,
500,slow easy piano songs for beginners with letters,중간,
500,smoke on the water notes piano,중간,
500,smoke on the water piano easy,낮음,
500,snowman sia piano easy,높음,
500,solfege bass clef,낮음,
500,solfege piano notes,낮음,
500,somebody you loved piano,낮음,
500,someone like you piano letters,낮음,
500,someone like you piano sheet music easy,높음,
500,someone you loved piano notes,중간,
500,someone you loved piano sheet,중간,
500,someone you loved piano sheet music,높음,
500,someone you loved piano sheet music easy,높음,
500,somewhere only we know easy piano,중간,
500,somewhere over the rainbow easy piano,높음,
500,somewhere over the rainbow piano letters,중간,
500,somewhere over the rainbow piano sheet music easy,높음,
500,song from a secret garden piano sheet easy,높음,
500,songs on keyboard letters,중간,
500,songs to play on keyboard letters,높음,
500,songs to play on keyboard with letters,높음,
500,songs to play on piano notes,높음,
500,songs to play on piano with notes,높음,
500,songs to play on the piano with letters,높음,
500,songs to play on the piano with notes,높음,
500,sound of music do re mi sheet music,높음,
500,sound of silence easy piano,높음,
500,sound of silence piano notes letters,중간,
500,sound of silence piano sheet music easy,높음,
500,space notes in treble clef,낮음,
500,spirited away piano sheet easy,중간,
500,spongebob theme song piano letter notes,낮음,
500,spooky scary skeletons piano easy,높음,
500,stairway to heaven piano sheet music,높음,
500,stand by me easy piano sheet music,높음,
500,stand by me piano letter notes,낮음,
500,stand by me piano letters,낮음,
500,stand by me piano notes letters,낮음,
500,star spangled banner easy piano,높음,
500,star spangled banner easy piano sheet music,높음,
500,star wars main theme easy piano,높음,
500,star wars piano letter notes,중간,
500,star wars piano notes easy,낮음,
500,star wars piano notes letters,중간,
500,star wars song on piano,낮음,
500,star wars theme easy piano,높음,
500,star wars theme song piano easy,높음,
500,stave with treble clef,낮음,
500,still dre on piano easy,낮음,
500,still dre piano easy,낮음,
500,stranger things piano easy,낮음,
500,stranger things theme piano easy,중간,
500,subwoofer lullaby midi,낮음,
500,sugar plum fairy easy piano,높음,
500,super easy piano sheet music,높음,
500,super easy sheet music piano,높음,
500,super mario easy piano,중간,
500,super mario easy piano sheet music,높음,
500,super mario piano notes easy,낮음,
500,super mario piano notes letters,낮음,
500,super mario piano sheet music easy,높음,
500,super mario theme piano letters,낮음,
500,super simple piano songs,높음,
500,swan lake easy piano,중간,
500,swan lake easy piano sheet music,높음,
500,swan lake piano easy sheet music,높음,
500,swan lake piano notes letters,낮음,
500,swan lake piano sheet easy,높음,
500,sweden minecraft piano easy,낮음,
500,sweet caroline easy piano,높음,
500,sweet caroline piano easy,높음,
500,take me out to the ball game piano easy,높음,
500,take on me easy piano,중간,
500,tamil easy keyboard notes,낮음,
500,taylor swift easy piano sheet music,높음,
500,teach me to play the piano,중간,
500,tenor clef notes on staff,낮음,
500,tetris piano easy,낮음,
500,the entertainer easy piano sheet music,높음,
500,the entertainer easy sheet music,높음,
500,the entertainer piano notes letters,낮음,
500,the entertainer piano sheet easy,높음,
500,the final countdown piano easy,중간,
500,the first noel easy piano,높음,
500,the first noel easy piano sheet music,높음,
500,the first noel piano easy,높음,
500,the name of life piano sheet music,낮음,
500,the scientist piano chords easy,낮음,
500,the scientist piano notes with letters,중간,
500,the scientist piano sheet music easy,높음,
500,the wheels on the bus piano sheet music,높음,
500,the winner takes it all easy piano,중간,
500,the winner takes it all piano easy,중간,
500,this is halloween easy piano sheet music,높음,
500,thousand miles piano notes letters,낮음,
500,thousand years chords piano easy,낮음,
500,time to say goodbye music sheet,높음,
500,tin whistle letter notes,낮음,
500,titanic piano easy,낮음,
500,titanic piano sheet music easy,높음,
500,toccata and fugue in d minor easy piano,중간,
500,treble and bass clef notes on staff,중간,
500,treble and bass clef notes piano,높음,
500,treble clef above the staff,낮음,
500,treble clef acronyms,낮음,
500,treble clef bass clef and alto clef,낮음,
500,treble clef cheat sheet,높음,
500,treble clef e,낮음,
500,treble clef f,낮음,
500,treble clef game,낮음,
500,treble clef instrument,낮음,
500,treble clef keys,낮음,
500,treble clef labeled,낮음,
500,treble clef ledger lines notes,낮음,
500,treble clef letter,낮음,
500,treble clef manuscript paper,중간,
500,treble clef names,낮음,
500,treble clef note game,낮음,
500,treble clef note practice,낮음,
500,treble clef notes and bass clef notes,중간,
500,treble clef notes labeled,높음,
500,treble clef notes lines,낮음,
500,treble clef notes on staff above and below,중간,
500,treble clef notes violin,낮음,
500,treble clef on cello,낮음,
500,treble clef piano keys,중간,
500,treble clef pitches,낮음,
500,treble clef practice,낮음,
500,treble clef practice sheet,낮음,
500,treble clef printable,낮음,
500,treble clef sight reading,낮음,
500,treble clef solfege,낮음,
500,treble clef song,낮음,
500,treble clef to bass clef,낮음,
500,treble clef with 8,낮음,
500,treble clef with lines,낮음,
500,treble scale,중간,
500,treble staff and bass staff,중간,
500,treble stave notes,중간,
500,tum hi ho easy piano notes,낮음,
500,tum hi ho piano notes easy,낮음,
500,tum hi ho piano notes letters,낮음,
500,tum hi ho piano notes with letters,낮음,
500,turkish march easy piano,중간,
500,turkish march easy piano sheet music,중간,
500,turkish march easy sheet music,높음,
500,turkish march piano notes letters,낮음,
500,turkish march piano sheet easy,중간,
500,turkish march sheet music easy,높음,
500,turn midi into sheet music,낮음,
500,turn sheet music into midi,낮음,
500,twinkle little star piano letters,중간,
500,twinkle twinkle little star beginner piano sheet music,높음,
500,twinkle twinkle little star clarinet notes with letters,중간,
500,twinkle twinkle little star easy piano sheet music,높음,
500,twinkle twinkle little star letter notes,중간,
500,twinkle twinkle little star on piano for beginners,높음,
500,twinkle twinkle little star on piano letters,중간,
500,twinkle twinkle little star piano beginner,높음,
500,twinkle twinkle little star piano easy sheet music,높음,
500,twinkle twinkle little star piano sheet music easy,높음,
500,twinkle twinkle little star piano sheet music with letters,높음,
500,twinkle twinkle little star piano with letters,중간,
500,twinkle twinkle little star violin sheet music with letters,중간,
500,twinkle twinkle piano sheet,높음,
500,unchained melody easy piano,중간,
500,under the sea piano easy,중간,
500,understand sheet music,중간,
500,undertale easy piano sheet music,높음,
500,undertale piano easy,낮음,
500,up easy piano sheet music,높음,
500,up married life piano sheet music easy,높음,
500,up piano sheet music easy,높음,
500,up song piano notes letters,낮음,
500,very easy piano sheet music,높음,
500,very simple piano sheet music,높음,
500,very simple piano songs,높음,
500,viola treble clef,낮음,
500,violin music sheet with letters,중간,
500,violin piano duet sheet music,중간,
500,violin sheet music for beginners with letters,높음,
500,virtual piano easy sheets,낮음,
500,virtual piano sheet easy,낮음,
500,virtual piano songs easy,낮음,
500,viva la vida easy piano,높음,
500,viva la vida piano letter notes,중간,
500,viva la vida piano sheet music easy,높음,
500,vivaldi spring easy piano,중간,
500,vivaldi spring piano sheet music easy,높음,
500,vivaldi winter piano easy,낮음,
500,walking in the air easy piano,높음,
500,walking in the air piano notes,높음,
500,we will rock you easy piano,중간,
500,we will rock you piano easy,중간,
500,we wish you a merry christmas beginner piano,높음,
500,we wish you a merry christmas chords piano easy,중간,
500,we wish you a merry christmas easy piano,높음,
500,we wish you a merry christmas easy piano notes,중간,
500,we wish you a merry christmas easy piano sheet music,높음,
500,we wish you a merry christmas piano beginner,높음,
500,we wish you a merry christmas piano easy sheet music,높음,
500,we wish you a merry christmas piano letters,중간,
500,we wish you a merry christmas piano notes easy,중간,
500,we wish you a merry christmas piano sheet easy,중간,
500,wedding march easy piano,높음,
500,wedding march piano sheet music easy,높음,
500,welcome to the black parade piano easy,낮음,
500,wellerman piano easy,높음,
500,wellerman piano notes letters,낮음,
500,wellerman piano sheet music easy,높음,
500,wheels on the bus piano easy,높음,
500,wheels on the bus piano notes letters,중간,
500,white christmas easy piano,낮음,
500,xylophone letter notes,낮음,
500,xylophone notes with letters,낮음,
500,yankee doodle easy piano,높음,
500,yellow coldplay piano sheet music easy,높음,
500,yesterday easy piano,중간,
500,yesterday piano easy,중간,
500,you are my sunshine easy piano,높음,
500,you are my sunshine piano letters,중간,
500,you are my sunshine piano notes easy,중간,
500,you are my sunshine piano notes with letters,중간,
500,you are my sunshine piano sheet easy,중간,
500,you are my sunshine piano sheet music easy,높음,
500,you belong with me piano easy,중간,
500,you raise me up easy piano,높음,
500,you raise me up piano easy,높음,
500,your reality piano notes letters,낮음,
500,your song piano easy,높음,
500,zelda easy piano,중간,
500,zombie piano easy,낮음,
50,comptine d un autre été easy piano,중간,Y
50,comptine d un autre été piano letter notes,낮음,Y
50,comptine d un autre été piano notes easy,낮음,Y
50,comptine d un autre été piano sheet with letters,중간,Y
50,convert sheet music to letter notes,낮음,Y
50,mariage d amour notes easy,낮음,Y
50,note names on sheet music,중간,Y
50,sheet music with note names,중간,Y
50,solfege sheet music,낮음,Y
0,add note names to sheet music,알 수 없음,Y
0,label notes on sheet music app,알 수 없음,Y
0,sheet music note name generator,알 수 없음,Y
0,write letters on sheet music,알 수 없음,Y
